Country,Category,DateTime,Value,Frequency,HistoricalDataSymbol,LastUpdate
United States,Money Supply M0,1959-01-31T00:00:00,50463,Monthly,UNITEDSTAMONSUPM0,2015-04-25T21:12:00
United States,Money Supply M0,1959-02-28T00:00:00,49805,Monthly,UNITEDSTAMONSUPM0,2015-04-25T21:12:00
United States,Money Supply M0,1959-03-31T00:00:00,49733,Monthly,UNITEDSTAMONSUPM0,2015-04-25T21:12:00
United States,Money Supply M0,1959-04-30T00:00:00,50058,Monthly,UNITEDSTAMONSUPM0,2015-04-25T21:12:00
United States,Money Supply M0,1959-05-31T00:00:00,50112,Monthly,UNITEDSTAMONSUPM0,2015-04-25T21:12:00
United States,Money Supply M0,1959-06-30T00:00:00,50337,Monthly,UNITEDSTAMONSUPM0,2015-04-25T21:12:00
United States,Money Supply M0,1959-07-31T00:00:00,50802,Monthly,UNITEDSTAMONSUPM0,2015-04-25T21:12:00
United States,Money Supply M0,1959-08-31T00:00:00,50661,Monthly,UNITEDSTAMONSUPM0,2015-04-25T21:12:00
United States,Money Supply M0,1959-09-30T00:00:00,50722,Monthly,UNITEDSTAMONSUPM0,2015-04-25T21:12:00
United States,Money Supply M0,1959-10-31T00:00:00,50660,Monthly,UNITEDSTAMONSUPM0,2015-04-25T21:12:00
United States,Money Supply M0,1959-11-30T00:00:00,50877,Monthly,UNITEDSTAMONSUPM0,2015-04-25T21:12:00
United States,Money Supply M0,1959-12-31T00:00:00,51504,Monthly,UNITEDSTAMONSUPM0,2015-04-25T21:12:00
United States,Money Supply M0,1960-01-31T00:00:00,50661,Monthly,UNITEDSTAMONSUPM0,2015-04-25T21:12:00
United States,Money Supply M0,1960-02-29T00:00:00,49609,Monthly,UNITEDSTAMONSUPM0,2015-04-25T21:12:00
United States,Money Supply M0,1960-03-31T00:00:00,49482,Monthly,UNITEDSTAMONSUPM0,2015-04-25T21:12:00
United States,Money Supply M0,1960-04-30T00:00:00,49656,Monthly,UNITEDSTAMONSUPM0,2015-04-25T21:12:00
United States,Money Supply M0,1960-05-31T00:00:00,49734,Monthly,UNITEDSTAMONSUPM0,2015-04-25T21:12:00
United States,Money Supply M0,1960-06-30T00:00:00,50015,Monthly,UNITEDSTAMONSUPM0,2015-04-25T21:12:00
United States,Money Supply M0,1960-07-31T00:00:00,50455,Monthly,UNITEDSTAMONSUPM0,2015-04-25T21:12:00
United States,Money Supply M0,1960-08-31T00:00:00,50279,Monthly,UNITEDSTAMONSUPM0,2015-04-25T21:12:00
United States,Money Supply M0,1960-09-30T00:00:00,49920,Monthly,UNITEDSTAMONSUPM0,2015-04-25T21:12:00
United States,Money Supply M0,1960-10-31T00:00:00,50130,Monthly,UNITEDSTAMONSUPM0,2015-04-25T21:12:00
United States,Money Supply M0,1960-11-30T00:00:00,50251,Monthly,UNITEDSTAMONSUPM0,2015-04-25T21:12:00
United States,Money Supply M0,1960-12-31T00:00:00,49763,Monthly,UNITEDSTAMONSUPM0,2015-04-25T21:12:00
United States,Money Supply M0,1961-01-31T00:00:00,49103,Monthly,UNITEDSTAMONSUPM0,2015-04-25T21:12:00
United States,Money Supply M0,1961-02-28T00:00:00,48441,Monthly,UNITEDSTAMONSUPM0,2015-04-25T21:12:00
United States,Money Supply M0,1961-03-31T00:00:00,48362,Monthly,UNITEDSTAMONSUPM0,2015-04-25T21:12:00
United States,Money Supply M0,1961-04-30T00:00:00,48455,Monthly,UNITEDSTAMONSUPM0,2015-04-25T21:12:00
United States,Money Supply M0,1961-05-31T00:00:00,48494,Monthly,UNITEDSTAMONSUPM0,2015-04-25T21:12:00
United States,Money Supply M0,1961-06-30T00:00:00,48875,Monthly,UNITEDSTAMONSUPM0,2015-04-25T21:12:00
United States,Money Supply M0,1961-07-31T00:00:00,49216,Monthly,UNITEDSTAMONSUPM0,2015-04-25T21:12:00
United States,Money Supply M0,1961-08-31T00:00:00,49334,Monthly,UNITEDSTAMONSUPM0,2015-04-25T21:12:00
United States,Money Supply M0,1961-09-30T00:00:00,49599,Monthly,UNITEDSTAMONSUPM0,2015-04-25T21:12:00
United States,Money Supply M0,1961-10-31T00:00:00,50032,Monthly,UNITEDSTAMONSUPM0,2015-04-25T21:12:00
United States,Money Supply M0,1961-11-30T00:00:00,50484,Monthly,UNITEDSTAMONSUPM0,2015-04-25T21:12:00
United States,Money Supply M0,1961-12-31T00:00:00,51281,Monthly,UNITEDSTAMONSUPM0,2015-04-25T21:12:00
United States,Money Supply M0,1962-01-31T00:00:00,50603,Monthly,UNITEDSTAMONSUPM0,2015-04-25T21:12:00
United States,Money Supply M0,1962-02-28T00:00:00,49841,Monthly,UNITEDSTAMONSUPM0,2015-04-25T21:12:00
United States,Money Supply M0,1962-03-31T00:00:00,50024,Monthly,UNITEDSTAMONSUPM0,2015-04-25T21:12:00
United States,Money Supply M0,1962-04-30T00:00:00,50365,Monthly,UNITEDSTAMONSUPM0,2015-04-25T21:12:00
United States,Money Supply M0,1962-05-31T00:00:00,50543,Monthly,UNITEDSTAMONSUPM0,2015-04-25T21:12:00
United States,Money Supply M0,1962-06-30T00:00:00,50908,Monthly,UNITEDSTAMONSUPM0,2015-04-25T21:12:00
United States,Money Supply M0,1962-07-31T00:00:00,51314,Monthly,UNITEDSTAMONSUPM0,2015-04-25T21:12:00
United States,Money Supply M0,1962-08-31T00:00:00,51175,Monthly,UNITEDSTAMONSUPM0,2015-04-25T21:12:00
United States,Money Supply M0,1962-09-30T00:00:00,51322,Monthly,UNITEDSTAMONSUPM0,2015-04-25T21:12:00
United States,Money Supply M0,1962-10-31T00:00:00,51552,Monthly,UNITEDSTAMONSUPM0,2015-04-25T21:12:00
United States,Money Supply M0,1962-11-30T00:00:00,51344,Monthly,UNITEDSTAMONSUPM0,2015-04-25T21:12:00
United States,Money Supply M0,1962-12-31T00:00:00,52257,Monthly,UNITEDSTAMONSUPM0,2015-04-25T21:12:00
United States,Money Supply M0,1963-01-31T00:00:00,51635,Monthly,UNITEDSTAMONSUPM0,2015-04-25T21:12:00
United States,Money Supply M0,1963-02-28T00:00:00,51013,Monthly,UNITEDSTAMONSUPM0,2015-04-25T21:12:00
United States,Money Supply M0,1963-03-31T00:00:00,51206,Monthly,UNITEDSTAMONSUPM0,2015-04-25T21:12:00
United States,Money Supply M0,1963-04-30T00:00:00,51489,Monthly,UNITEDSTAMONSUPM0,2015-04-25T21:12:00
United States,Money Supply M0,1963-05-31T00:00:00,51702,Monthly,UNITEDSTAMONSUPM0,2015-04-25T21:12:00
United States,Money Supply M0,1963-06-30T00:00:00,52195,Monthly,UNITEDSTAMONSUPM0,2015-04-25T21:12:00
United States,Money Supply M0,1963-07-31T00:00:00,52768,Monthly,UNITEDSTAMONSUPM0,2015-04-25T21:12:00
United States,Money Supply M0,1963-08-31T00:00:00,52600,Monthly,UNITEDSTAMONSUPM0,2015-04-25T21:12:00
United States,Money Supply M0,1963-09-30T00:00:00,52910,Monthly,UNITEDSTAMONSUPM0,2015-04-25T21:12:00
United States,Money Supply M0,1963-10-31T00:00:00,53117,Monthly,UNITEDSTAMONSUPM0,2015-04-25T21:12:00
United States,Money Supply M0,1963-11-30T00:00:00,53775,Monthly,UNITEDSTAMONSUPM0,2015-04-25T21:12:00
United States,Money Supply M0,1963-12-31T00:00:00,54913,Monthly,UNITEDSTAMONSUPM0,2015-04-25T21:12:00
United States,Money Supply M0,1964-01-31T00:00:00,54238,Monthly,UNITEDSTAMONSUPM0,2015-04-25T21:12:00
United States,Money Supply M0,1964-02-29T00:00:00,53472,Monthly,UNITEDSTAMONSUPM0,2015-04-25T21:12:00
United States,Money Supply M0,1964-03-31T00:00:00,53830,Monthly,UNITEDSTAMONSUPM0,2015-04-25T21:12:00
United States,Money Supply M0,1964-04-30T00:00:00,54052,Monthly,UNITEDSTAMONSUPM0,2015-04-25T21:12:00
United States,Money Supply M0,1964-05-31T00:00:00,54273,Monthly,UNITEDSTAMONSUPM0,2015-04-25T21:12:00
United States,Money Supply M0,1964-06-30T00:00:00,54940,Monthly,UNITEDSTAMONSUPM0,2015-04-25T21:12:00
United States,Money Supply M0,1964-07-31T00:00:00,55426,Monthly,UNITEDSTAMONSUPM0,2015-04-25T21:12:00
United States,Money Supply M0,1964-08-31T00:00:00,55427,Monthly,UNITEDSTAMONSUPM0,2015-04-25T21:12:00
United States,Money Supply M0,1964-09-30T00:00:00,55887,Monthly,UNITEDSTAMONSUPM0,2015-04-25T21:12:00
United States,Money Supply M0,1964-10-31T00:00:00,56162,Monthly,UNITEDSTAMONSUPM0,2015-04-25T21:12:00
United States,Money Supply M0,1964-11-30T00:00:00,56786,Monthly,UNITEDSTAMONSUPM0,2015-04-25T21:12:00
United States,Money Supply M0,1964-12-31T00:00:00,57737,Monthly,UNITEDSTAMONSUPM0,2015-04-25T21:12:00
United States,Money Supply M0,1965-01-31T00:00:00,57138,Monthly,UNITEDSTAMONSUPM0,2015-04-25T21:12:00
United States,Money Supply M0,1965-02-28T00:00:00,56508,Monthly,UNITEDSTAMONSUPM0,2015-04-25T21:12:00
United States,Money Supply M0,1965-03-31T00:00:00,56696,Monthly,UNITEDSTAMONSUPM0,2015-04-25T21:12:00
United States,Money Supply M0,1965-04-30T00:00:00,57089,Monthly,UNITEDSTAMONSUPM0,2015-04-25T21:12:00
United States,Money Supply M0,1965-05-31T00:00:00,57165,Monthly,UNITEDSTAMONSUPM0,2015-04-25T21:12:00
United States,Money Supply M0,1965-06-30T00:00:00,57761,Monthly,UNITEDSTAMONSUPM0,2015-04-25T21:12:00
United States,Money Supply M0,1965-07-31T00:00:00,58407,Monthly,UNITEDSTAMONSUPM0,2015-04-25T21:12:00
United States,Money Supply M0,1965-08-31T00:00:00,58192,Monthly,UNITEDSTAMONSUPM0,2015-04-25T21:12:00
United States,Money Supply M0,1965-09-30T00:00:00,58574,Monthly,UNITEDSTAMONSUPM0,2015-04-25T21:12:00
United States,Money Supply M0,1965-10-31T00:00:00,59137,Monthly,UNITEDSTAMONSUPM0,2015-04-25T21:12:00
United States,Money Supply M0,1965-11-30T00:00:00,59614,Monthly,UNITEDSTAMONSUPM0,2015-04-25T21:12:00
United States,Money Supply M0,1965-12-31T00:00:00,61022,Monthly,UNITEDSTAMONSUPM0,2015-04-25T21:12:00
United States,Money Supply M0,1966-01-31T00:00:00,60520,Monthly,UNITEDSTAMONSUPM0,2015-04-25T21:12:00
United States,Money Supply M0,1966-02-28T00:00:00,59751,Monthly,UNITEDSTAMONSUPM0,2015-04-25T21:12:00
United States,Money Supply M0,1966-03-31T00:00:00,59933,Monthly,UNITEDSTAMONSUPM0,2015-04-25T21:12:00
United States,Money Supply M0,1966-04-30T00:00:00,60510,Monthly,UNITEDSTAMONSUPM0,2015-04-25T21:12:00
United States,Money Supply M0,1966-05-31T00:00:00,60631,Monthly,UNITEDSTAMONSUPM0,2015-04-25T21:12:00
United States,Money Supply M0,1966-06-30T00:00:00,61102,Monthly,UNITEDSTAMONSUPM0,2015-04-25T21:12:00
United States,Money Supply M0,1966-07-31T00:00:00,62064,Monthly,UNITEDSTAMONSUPM0,2015-04-25T21:12:00
United States,Money Supply M0,1966-08-31T00:00:00,61734,Monthly,UNITEDSTAMONSUPM0,2015-04-25T21:12:00
United States,Money Supply M0,1966-09-30T00:00:00,62359,Monthly,UNITEDSTAMONSUPM0,2015-04-25T21:12:00
United States,Money Supply M0,1966-10-31T00:00:00,62603,Monthly,UNITEDSTAMONSUPM0,2015-04-25T21:12:00
United States,Money Supply M0,1966-11-30T00:00:00,62993,Monthly,UNITEDSTAMONSUPM0,2015-04-25T21:12:00
United States,Money Supply M0,1966-12-31T00:00:00,64185,Monthly,UNITEDSTAMONSUPM0,2015-04-25T21:12:00
United States,Money Supply M0,1967-01-31T00:00:00,63850,Monthly,UNITEDSTAMONSUPM0,2015-04-25T21:12:00
United States,Money Supply M0,1967-02-28T00:00:00,63282,Monthly,UNITEDSTAMONSUPM0,2015-04-25T21:12:00
United States,Money Supply M0,1967-03-31T00:00:00,63166,Monthly,UNITEDSTAMONSUPM0,2015-04-25T21:12:00
United States,Money Supply M0,1967-04-30T00:00:00,63274,Monthly,UNITEDSTAMONSUPM0,2015-04-25T21:12:00
United States,Money Supply M0,1967-05-31T00:00:00,63382,Monthly,UNITEDSTAMONSUPM0,2015-04-25T21:12:00
United States,Money Supply M0,1967-06-30T00:00:00,64005,Monthly,UNITEDSTAMONSUPM0,2015-04-25T21:12:00
United States,Money Supply M0,1967-07-31T00:00:00,64821,Monthly,UNITEDSTAMONSUPM0,2015-04-25T21:12:00
United States,Money Supply M0,1967-08-31T00:00:00,64699,Monthly,UNITEDSTAMONSUPM0,2015-04-25T21:12:00
United States,Money Supply M0,1967-09-30T00:00:00,65225,Monthly,UNITEDSTAMONSUPM0,2015-04-25T21:12:00
United States,Money Supply M0,1967-10-31T00:00:00,65894,Monthly,UNITEDSTAMONSUPM0,2015-04-25T21:12:00
United States,Money Supply M0,1967-11-30T00:00:00,66453,Monthly,UNITEDSTAMONSUPM0,2015-04-25T21:12:00
United States,Money Supply M0,1967-12-31T00:00:00,67818,Monthly,UNITEDSTAMONSUPM0,2015-04-25T21:12:00
United States,Money Supply M0,1968-01-31T00:00:00,67698,Monthly,UNITEDSTAMONSUPM0,2015-04-25T21:12:00
United States,Money Supply M0,1968-02-29T00:00:00,67213,Monthly,UNITEDSTAMONSUPM0,2015-04-25T21:12:00
United States,Money Supply M0,1968-03-31T00:00:00,67521,Monthly,UNITEDSTAMONSUPM0,2015-04-25T21:12:00
United States,Money Supply M0,1968-04-30T00:00:00,67953,Monthly,UNITEDSTAMONSUPM0,2015-04-25T21:12:00
United States,Money Supply M0,1968-05-31T00:00:00,68077,Monthly,UNITEDSTAMONSUPM0,2015-04-25T21:12:00
United States,Money Supply M0,1968-06-30T00:00:00,68874,Monthly,UNITEDSTAMONSUPM0,2015-04-25T21:12:00
United States,Money Supply M0,1968-07-31T00:00:00,69700,Monthly,UNITEDSTAMONSUPM0,2015-04-25T21:12:00
United States,Money Supply M0,1968-08-31T00:00:00,69887,Monthly,UNITEDSTAMONSUPM0,2015-04-25T21:12:00
United States,Money Supply M0,1968-09-30T00:00:00,70048,Monthly,UNITEDSTAMONSUPM0,2015-04-25T21:12:00
United States,Money Supply M0,1968-10-31T00:00:00,70830,Monthly,UNITEDSTAMONSUPM0,2015-04-25T21:12:00
United States,Money Supply M0,1968-11-30T00:00:00,71727,Monthly,UNITEDSTAMONSUPM0,2015-04-25T21:12:00
United States,Money Supply M0,1968-12-31T00:00:00,73139,Monthly,UNITEDSTAMONSUPM0,2015-04-25T21:12:00
United States,Money Supply M0,1969-01-31T00:00:00,72865,Monthly,UNITEDSTAMONSUPM0,2015-04-25T21:12:00
United States,Money Supply M0,1969-02-28T00:00:00,71978,Monthly,UNITEDSTAMONSUPM0,2015-04-25T21:12:00
United States,Money Supply M0,1969-03-31T00:00:00,71768,Monthly,UNITEDSTAMONSUPM0,2015-04-25T21:12:00
United States,Money Supply M0,1969-04-30T00:00:00,72361,Monthly,UNITEDSTAMONSUPM0,2015-04-25T21:12:00
United States,Money Supply M0,1969-05-31T00:00:00,73358,Monthly,UNITEDSTAMONSUPM0,2015-04-25T21:12:00
United States,Money Supply M0,1969-06-30T00:00:00,73509,Monthly,UNITEDSTAMONSUPM0,2015-04-25T21:12:00
United States,Money Supply M0,1969-07-31T00:00:00,73725,Monthly,UNITEDSTAMONSUPM0,2015-04-25T21:12:00
United States,Money Supply M0,1969-08-31T00:00:00,73773,Monthly,UNITEDSTAMONSUPM0,2015-04-25T21:12:00
United States,Money Supply M0,1969-09-30T00:00:00,73780,Monthly,UNITEDSTAMONSUPM0,2015-04-25T21:12:00
United States,Money Supply M0,1969-10-31T00:00:00,74436,Monthly,UNITEDSTAMONSUPM0,2015-04-25T21:12:00
United States,Money Supply M0,1969-11-30T00:00:00,75569,Monthly,UNITEDSTAMONSUPM0,2015-04-25T21:12:00
United States,Money Supply M0,1969-12-31T00:00:00,76752,Monthly,UNITEDSTAMONSUPM0,2015-04-25T21:12:00
United States,Money Supply M0,1970-01-31T00:00:00,76398,Monthly,UNITEDSTAMONSUPM0,2015-04-25T21:12:00
United States,Money Supply M0,1970-02-28T00:00:00,75237,Monthly,UNITEDSTAMONSUPM0,2015-04-25T21:12:00
United States,Money Supply M0,1970-03-31T00:00:00,75276,Monthly,UNITEDSTAMONSUPM0,2015-04-25T21:12:00
United States,Money Supply M0,1970-04-30T00:00:00,76294,Monthly,UNITEDSTAMONSUPM0,2015-04-25T21:12:00
United States,Money Supply M0,1970-05-31T00:00:00,76649,Monthly,UNITEDSTAMONSUPM0,2015-04-25T21:12:00
United States,Money Supply M0,1970-06-30T00:00:00,76900,Monthly,UNITEDSTAMONSUPM0,2015-04-25T21:12:00
United States,Money Supply M0,1970-07-31T00:00:00,77960,Monthly,UNITEDSTAMONSUPM0,2015-04-25T21:12:00
United States,Money Supply M0,1970-08-31T00:00:00,78227,Monthly,UNITEDSTAMONSUPM0,2015-04-25T21:12:00
United States,Money Supply M0,1970-09-30T00:00:00,78684,Monthly,UNITEDSTAMONSUPM0,2015-04-25T21:12:00
United States,Money Supply M0,1970-10-31T00:00:00,78691,Monthly,UNITEDSTAMONSUPM0,2015-04-25T21:12:00
United States,Money Supply M0,1970-11-30T00:00:00,79468,Monthly,UNITEDSTAMONSUPM0,2015-04-25T21:12:00
United States,Money Supply M0,1970-12-31T00:00:00,80987,Monthly,UNITEDSTAMONSUPM0,2015-04-25T21:12:00
United States,Money Supply M0,1971-01-31T00:00:00,81170,Monthly,UNITEDSTAMONSUPM0,2015-04-25T21:12:00
United States,Money Supply M0,1971-02-28T00:00:00,80565,Monthly,UNITEDSTAMONSUPM0,2015-04-25T21:12:00
United States,Money Supply M0,1971-03-31T00:00:00,80788,Monthly,UNITEDSTAMONSUPM0,2015-04-25T21:12:00
United States,Money Supply M0,1971-04-30T00:00:00,81641,Monthly,UNITEDSTAMONSUPM0,2015-04-25T21:12:00
United States,Money Supply M0,1971-05-31T00:00:00,82405,Monthly,UNITEDSTAMONSUPM0,2015-04-25T21:12:00
United States,Money Supply M0,1971-06-30T00:00:00,82894,Monthly,UNITEDSTAMONSUPM0,2015-04-25T21:12:00
United States,Money Supply M0,1971-07-31T00:00:00,84184,Monthly,UNITEDSTAMONSUPM0,2015-04-25T21:12:00
United States,Money Supply M0,1971-08-31T00:00:00,84079,Monthly,UNITEDSTAMONSUPM0,2015-04-25T21:12:00
United States,Money Supply M0,1971-09-30T00:00:00,84431,Monthly,UNITEDSTAMONSUPM0,2015-04-25T21:12:00
United States,Money Supply M0,1971-10-31T00:00:00,84692,Monthly,UNITEDSTAMONSUPM0,2015-04-25T21:12:00
United States,Money Supply M0,1971-11-30T00:00:00,85491,Monthly,UNITEDSTAMONSUPM0,2015-04-25T21:12:00
United States,Money Supply M0,1971-12-31T00:00:00,86798,Monthly,UNITEDSTAMONSUPM0,2015-04-25T21:12:00
United States,Money Supply M0,1972-01-31T00:00:00,87220,Monthly,UNITEDSTAMONSUPM0,2015-04-25T21:12:00
United States,Money Supply M0,1972-02-29T00:00:00,86081,Monthly,UNITEDSTAMONSUPM0,2015-04-25T21:12:00
United States,Money Supply M0,1972-03-31T00:00:00,86656,Monthly,UNITEDSTAMONSUPM0,2015-04-25T21:12:00
United States,Money Supply M0,1972-04-30T00:00:00,87888,Monthly,UNITEDSTAMONSUPM0,2015-04-25T21:12:00
United States,Money Supply M0,1972-05-31T00:00:00,88543,Monthly,UNITEDSTAMONSUPM0,2015-04-25T21:12:00
United States,Money Supply M0,1972-06-30T00:00:00,88896,Monthly,UNITEDSTAMONSUPM0,2015-04-25T21:12:00
United States,Money Supply M0,1972-07-31T00:00:00,90075,Monthly,UNITEDSTAMONSUPM0,2015-04-25T21:12:00
United States,Money Supply M0,1972-08-31T00:00:00,90098,Monthly,UNITEDSTAMONSUPM0,2015-04-25T21:12:00
United States,Money Supply M0,1972-09-30T00:00:00,90193,Monthly,UNITEDSTAMONSUPM0,2015-04-25T21:12:00
United States,Money Supply M0,1972-10-31T00:00:00,91423,Monthly,UNITEDSTAMONSUPM0,2015-04-25T21:12:00
United States,Money Supply M0,1972-11-30T00:00:00,90531,Monthly,UNITEDSTAMONSUPM0,2015-04-25T21:12:00
United States,Money Supply M0,1972-12-31T00:00:00,91381,Monthly,UNITEDSTAMONSUPM0,2015-04-25T21:12:00
United States,Money Supply M0,1973-01-31T00:00:00,91688,Monthly,UNITEDSTAMONSUPM0,2015-04-25T21:12:00
United States,Money Supply M0,1973-02-28T00:00:00,90275,Monthly,UNITEDSTAMONSUPM0,2015-04-25T21:12:00
United States,Money Supply M0,1973-03-31T00:00:00,91118,Monthly,UNITEDSTAMONSUPM0,2015-04-25T21:12:00
United States,Money Supply M0,1973-04-30T00:00:00,92586,Monthly,UNITEDSTAMONSUPM0,2015-04-25T21:12:00
United States,Money Supply M0,1973-05-31T00:00:00,93118,Monthly,UNITEDSTAMONSUPM0,2015-04-25T21:12:00
United States,Money Supply M0,1973-06-30T00:00:00,93732,Monthly,UNITEDSTAMONSUPM0,2015-04-25T21:12:00
United States,Money Supply M0,1973-07-31T00:00:00,95575,Monthly,UNITEDSTAMONSUPM0,2015-04-25T21:12:00
United States,Money Supply M0,1973-08-31T00:00:00,95828,Monthly,UNITEDSTAMONSUPM0,2015-04-25T21:12:00
United States,Money Supply M0,1973-09-30T00:00:00,96226,Monthly,UNITEDSTAMONSUPM0,2015-04-25T21:12:00
United States,Money Supply M0,1973-10-31T00:00:00,97484,Monthly,UNITEDSTAMONSUPM0,2015-04-25T21:12:00
United States,Money Supply M0,1973-11-30T00:00:00,98343,Monthly,UNITEDSTAMONSUPM0,2015-04-25T21:12:00
United States,Money Supply M0,1973-12-31T00:00:00,100143,Monthly,UNITEDSTAMONSUPM0,2015-04-25T21:12:00
United States,Money Supply M0,1974-01-31T00:00:00,100376,Monthly,UNITEDSTAMONSUPM0,2015-04-25T21:12:00
United States,Money Supply M0,1974-02-28T00:00:00,99063,Monthly,UNITEDSTAMONSUPM0,2015-04-25T21:12:00
United States,Money Supply M0,1974-03-31T00:00:00,99604,Monthly,UNITEDSTAMONSUPM0,2015-04-25T21:12:00
United States,Money Supply M0,1974-04-30T00:00:00,101743,Monthly,UNITEDSTAMONSUPM0,2015-04-25T21:12:00
United States,Money Supply M0,1974-05-31T00:00:00,102777,Monthly,UNITEDSTAMONSUPM0,2015-04-25T21:12:00
United States,Money Supply M0,1974-06-30T00:00:00,103597,Monthly,UNITEDSTAMONSUPM0,2015-04-25T21:12:00
United States,Money Supply M0,1974-07-31T00:00:00,105054,Monthly,UNITEDSTAMONSUPM0,2015-04-25T21:12:00
United States,Money Supply M0,1974-08-31T00:00:00,105046,Monthly,UNITEDSTAMONSUPM0,2015-04-25T21:12:00
United States,Money Supply M0,1974-09-30T00:00:00,105292,Monthly,UNITEDSTAMONSUPM0,2015-04-25T21:12:00
United States,Money Supply M0,1974-10-31T00:00:00,105704,Monthly,UNITEDSTAMONSUPM0,2015-04-25T21:12:00
United States,Money Supply M0,1974-11-30T00:00:00,106933,Monthly,UNITEDSTAMONSUPM0,2015-04-25T21:12:00
United States,Money Supply M0,1974-12-31T00:00:00,108640,Monthly,UNITEDSTAMONSUPM0,2015-04-25T21:12:00
United States,Money Supply M0,1975-01-31T00:00:00,107745,Monthly,UNITEDSTAMONSUPM0,2015-04-25T21:12:00
United States,Money Supply M0,1975-02-28T00:00:00,105511,Monthly,UNITEDSTAMONSUPM0,2015-04-25T21:12:00
United States,Money Supply M0,1975-03-31T00:00:00,105693,Monthly,UNITEDSTAMONSUPM0,2015-04-25T21:12:00
United States,Money Supply M0,1975-04-30T00:00:00,106816,Monthly,UNITEDSTAMONSUPM0,2015-04-25T21:12:00
United States,Money Supply M0,1975-05-31T00:00:00,106989,Monthly,UNITEDSTAMONSUPM0,2015-04-25T21:12:00
United States,Money Supply M0,1975-06-30T00:00:00,108423,Monthly,UNITEDSTAMONSUPM0,2015-04-25T21:12:00
United States,Money Supply M0,1975-07-31T00:00:00,109501,Monthly,UNITEDSTAMONSUPM0,2015-04-25T21:12:00
United States,Money Supply M0,1975-08-31T00:00:00,109092,Monthly,UNITEDSTAMONSUPM0,2015-04-25T21:12:00
United States,Money Supply M0,1975-09-30T00:00:00,109203,Monthly,UNITEDSTAMONSUPM0,2015-04-25T21:12:00
United States,Money Supply M0,1975-10-31T00:00:00,109675,Monthly,UNITEDSTAMONSUPM0,2015-04-25T21:12:00
United States,Money Supply M0,1975-11-30T00:00:00,111096,Monthly,UNITEDSTAMONSUPM0,2015-04-25T21:12:00
United States,Money Supply M0,1975-12-31T00:00:00,113125,Monthly,UNITEDSTAMONSUPM0,2015-04-25T21:12:00
United States,Money Supply M0,1976-01-31T00:00:00,111925,Monthly,UNITEDSTAMONSUPM0,2015-04-25T21:12:00
United States,Money Supply M0,1976-02-29T00:00:00,110558,Monthly,UNITEDSTAMONSUPM0,2015-04-25T21:12:00
United States,Money Supply M0,1976-03-31T00:00:00,111255,Monthly,UNITEDSTAMONSUPM0,2015-04-25T21:12:00
United States,Money Supply M0,1976-04-30T00:00:00,113093,Monthly,UNITEDSTAMONSUPM0,2015-04-25T21:12:00
United States,Money Supply M0,1976-05-31T00:00:00,113566,Monthly,UNITEDSTAMONSUPM0,2015-04-25T21:12:00
United States,Money Supply M0,1976-06-30T00:00:00,114411,Monthly,UNITEDSTAMONSUPM0,2015-04-25T21:12:00
United States,Money Supply M0,1976-07-31T00:00:00,115579,Monthly,UNITEDSTAMONSUPM0,2015-04-25T21:12:00
United States,Money Supply M0,1976-08-31T00:00:00,115533,Monthly,UNITEDSTAMONSUPM0,2015-04-25T21:12:00
United States,Money Supply M0,1976-09-30T00:00:00,115573,Monthly,UNITEDSTAMONSUPM0,2015-04-25T21:12:00
United States,Money Supply M0,1976-10-31T00:00:00,116554,Monthly,UNITEDSTAMONSUPM0,2015-04-25T21:12:00
United States,Money Supply M0,1976-11-30T00:00:00,118343,Monthly,UNITEDSTAMONSUPM0,2015-04-25T21:12:00
United States,Money Supply M0,1976-12-31T00:00:00,120337,Monthly,UNITEDSTAMONSUPM0,2015-04-25T21:12:00
United States,Money Supply M0,1977-01-31T00:00:00,119677,Monthly,UNITEDSTAMONSUPM0,2015-04-25T21:12:00
United States,Money Supply M0,1977-02-28T00:00:00,117818,Monthly,UNITEDSTAMONSUPM0,2015-04-25T21:12:00
United States,Money Supply M0,1977-03-31T00:00:00,118719,Monthly,UNITEDSTAMONSUPM0,2015-04-25T21:12:00
United States,Money Supply M0,1977-04-30T00:00:00,120646,Monthly,UNITEDSTAMONSUPM0,2015-04-25T21:12:00
United States,Money Supply M0,1977-05-31T00:00:00,120979,Monthly,UNITEDSTAMONSUPM0,2015-04-25T21:12:00
United States,Money Supply M0,1977-06-30T00:00:00,121804,Monthly,UNITEDSTAMONSUPM0,2015-04-25T21:12:00
United States,Money Supply M0,1977-07-31T00:00:00,124091,Monthly,UNITEDSTAMONSUPM0,2015-04-25T21:12:00
United States,Money Supply M0,1977-08-31T00:00:00,124180,Monthly,UNITEDSTAMONSUPM0,2015-04-25T21:12:00
United States,Money Supply M0,1977-09-30T00:00:00,124425,Monthly,UNITEDSTAMONSUPM0,2015-04-25T21:12:00
United States,Money Supply M0,1977-10-31T00:00:00,125749,Monthly,UNITEDSTAMONSUPM0,2015-04-25T21:12:00
United States,Money Supply M0,1977-11-30T00:00:00,127607,Monthly,UNITEDSTAMONSUPM0,2015-04-25T21:12:00
United States,Money Supply M0,1977-12-31T00:00:00,129915,Monthly,UNITEDSTAMONSUPM0,2015-04-25T21:12:00
United States,Money Supply M0,1978-01-31T00:00:00,130211,Monthly,UNITEDSTAMONSUPM0,2015-04-25T21:12:00
United States,Money Supply M0,1978-02-28T00:00:00,128671,Monthly,UNITEDSTAMONSUPM0,2015-04-25T21:12:00
United States,Money Supply M0,1978-03-31T00:00:00,129110,Monthly,UNITEDSTAMONSUPM0,2015-04-25T21:12:00
United States,Money Supply M0,1978-04-30T00:00:00,131177,Monthly,UNITEDSTAMONSUPM0,2015-04-25T21:12:00
United States,Money Supply M0,1978-05-31T00:00:00,132255,Monthly,UNITEDSTAMONSUPM0,2015-04-25T21:12:00
United States,Money Supply M0,1978-06-30T00:00:00,133606,Monthly,UNITEDSTAMONSUPM0,2015-04-25T21:12:00
United States,Money Supply M0,1978-07-31T00:00:00,135708,Monthly,UNITEDSTAMONSUPM0,2015-04-25T21:12:00
United States,Money Supply M0,1978-08-31T00:00:00,135209,Monthly,UNITEDSTAMONSUPM0,2015-04-25T21:12:00
United States,Money Supply M0,1978-09-30T00:00:00,136211,Monthly,UNITEDSTAMONSUPM0,2015-04-25T21:12:00
United States,Money Supply M0,1978-10-31T00:00:00,137572,Monthly,UNITEDSTAMONSUPM0,2015-04-25T21:12:00
United States,Money Supply M0,1978-11-30T00:00:00,140734,Monthly,UNITEDSTAMONSUPM0,2015-04-25T21:12:00
United States,Money Supply M0,1978-12-31T00:00:00,144721,Monthly,UNITEDSTAMONSUPM0,2015-04-25T21:12:00
United States,Money Supply M0,1979-01-31T00:00:00,144328,Monthly,UNITEDSTAMONSUPM0,2015-04-25T21:12:00
United States,Money Supply M0,1979-02-28T00:00:00,141606,Monthly,UNITEDSTAMONSUPM0,2015-04-25T21:12:00
United States,Money Supply M0,1979-03-31T00:00:00,142293,Monthly,UNITEDSTAMONSUPM0,2015-04-25T21:12:00
United States,Money Supply M0,1979-04-30T00:00:00,144410,Monthly,UNITEDSTAMONSUPM0,2015-04-25T21:12:00
United States,Money Supply M0,1979-05-31T00:00:00,144494,Monthly,UNITEDSTAMONSUPM0,2015-04-25T21:12:00
United States,Money Supply M0,1979-06-30T00:00:00,145889,Monthly,UNITEDSTAMONSUPM0,2015-04-25T21:12:00
United States,Money Supply M0,1979-07-31T00:00:00,148136,Monthly,UNITEDSTAMONSUPM0,2015-04-25T21:12:00
United States,Money Supply M0,1979-08-31T00:00:00,148568,Monthly,UNITEDSTAMONSUPM0,2015-04-25T21:12:00
United States,Money Supply M0,1979-09-30T00:00:00,149585,Monthly,UNITEDSTAMONSUPM0,2015-04-25T21:12:00
United States,Money Supply M0,1979-10-31T00:00:00,151533,Monthly,UNITEDSTAMONSUPM0,2015-04-25T21:12:00
United States,Money Supply M0,1979-11-30T00:00:00,153809,Monthly,UNITEDSTAMONSUPM0,2015-04-25T21:12:00
United States,Money Supply M0,1979-12-31T00:00:00,156653,Monthly,UNITEDSTAMONSUPM0,2015-04-25T21:12:00
United States,Money Supply M0,1980-01-31T00:00:00,155995,Monthly,UNITEDSTAMONSUPM0,2015-04-25T21:12:00
United States,Money Supply M0,1980-02-29T00:00:00,153896,Monthly,UNITEDSTAMONSUPM0,2015-04-25T21:12:00
United States,Money Supply M0,1980-03-31T00:00:00,155032,Monthly,UNITEDSTAMONSUPM0,2015-04-25T21:12:00
United States,Money Supply M0,1980-04-30T00:00:00,157858,Monthly,UNITEDSTAMONSUPM0,2015-04-25T21:12:00
United States,Money Supply M0,1980-05-31T00:00:00,157915,Monthly,UNITEDSTAMONSUPM0,2015-04-25T21:12:00
United States,Money Supply M0,1980-06-30T00:00:00,158922,Monthly,UNITEDSTAMONSUPM0,2015-04-25T21:12:00
United States,Money Supply M0,1980-07-31T00:00:00,159940,Monthly,UNITEDSTAMONSUPM0,2015-04-25T21:12:00
United States,Money Supply M0,1980-08-31T00:00:00,158388,Monthly,UNITEDSTAMONSUPM0,2015-04-25T21:12:00
United States,Money Supply M0,1980-09-30T00:00:00,159391,Monthly,UNITEDSTAMONSUPM0,2015-04-25T21:12:00
United States,Money Supply M0,1980-10-31T00:00:00,160925,Monthly,UNITEDSTAMONSUPM0,2015-04-25T21:12:00
United States,Money Supply M0,1980-11-30T00:00:00,162049,Monthly,UNITEDSTAMONSUPM0,2015-04-25T21:12:00
United States,Money Supply M0,1980-12-31T00:00:00,163376,Monthly,UNITEDSTAMONSUPM0,2015-04-25T21:12:00
United States,Money Supply M0,1981-01-31T00:00:00,161080,Monthly,UNITEDSTAMONSUPM0,2015-04-25T21:12:00
United States,Money Supply M0,1981-02-28T00:00:00,158982,Monthly,UNITEDSTAMONSUPM0,2015-04-25T21:12:00
United States,Money Supply M0,1981-03-31T00:00:00,159765,Monthly,UNITEDSTAMONSUPM0,2015-04-25T21:12:00
United States,Money Supply M0,1981-04-30T00:00:00,162371,Monthly,UNITEDSTAMONSUPM0,2015-04-25T21:12:00
United States,Money Supply M0,1981-05-31T00:00:00,163200,Monthly,UNITEDSTAMONSUPM0,2015-04-25T21:12:00
United States,Money Supply M0,1981-06-30T00:00:00,163929,Monthly,UNITEDSTAMONSUPM0,2015-04-25T21:12:00
United States,Money Supply M0,1981-07-31T00:00:00,166041,Monthly,UNITEDSTAMONSUPM0,2015-04-25T21:12:00
United States,Money Supply M0,1981-08-31T00:00:00,166116,Monthly,UNITEDSTAMONSUPM0,2015-04-25T21:12:00
United States,Money Supply M0,1981-09-30T00:00:00,164686,Monthly,UNITEDSTAMONSUPM0,2015-04-25T21:12:00
United States,Money Supply M0,1981-10-31T00:00:00,164972,Monthly,UNITEDSTAMONSUPM0,2015-04-25T21:12:00
United States,Money Supply M0,1981-11-30T00:00:00,167230,Monthly,UNITEDSTAMONSUPM0,2015-04-25T21:12:00
United States,Money Supply M0,1981-12-31T00:00:00,170681,Monthly,UNITEDSTAMONSUPM0,2015-04-25T21:12:00
United States,Money Supply M0,1982-01-31T00:00:00,169811,Monthly,UNITEDSTAMONSUPM0,2015-04-25T21:12:00
United States,Money Supply M0,1982-02-28T00:00:00,167490,Monthly,UNITEDSTAMONSUPM0,2015-04-25T21:12:00
United States,Money Supply M0,1982-03-31T00:00:00,166219,Monthly,UNITEDSTAMONSUPM0,2015-04-25T21:12:00
United States,Money Supply M0,1982-04-30T00:00:00,168703,Monthly,UNITEDSTAMONSUPM0,2015-04-25T21:12:00
United States,Money Supply M0,1982-05-31T00:00:00,170045,Monthly,UNITEDSTAMONSUPM0,2015-04-25T21:12:00
United States,Money Supply M0,1982-06-30T00:00:00,171679,Monthly,UNITEDSTAMONSUPM0,2015-04-25T21:12:00
United States,Money Supply M0,1982-07-31T00:00:00,173381,Monthly,UNITEDSTAMONSUPM0,2015-04-25T21:12:00
United States,Money Supply M0,1982-08-31T00:00:00,173975,Monthly,UNITEDSTAMONSUPM0,2015-04-25T21:12:00
United States,Money Supply M0,1982-09-30T00:00:00,173383,Monthly,UNITEDSTAMONSUPM0,2015-04-25T21:12:00
United States,Money Supply M0,1982-10-31T00:00:00,174957,Monthly,UNITEDSTAMONSUPM0,2015-04-25T21:12:00
United States,Money Supply M0,1982-11-30T00:00:00,177469,Monthly,UNITEDSTAMONSUPM0,2015-04-25T21:12:00
United States,Money Supply M0,1982-12-31T00:00:00,180717,Monthly,UNITEDSTAMONSUPM0,2015-04-25T21:12:00
United States,Money Supply M0,1983-01-31T00:00:00,178899,Monthly,UNITEDSTAMONSUPM0,2015-04-25T21:12:00
United States,Money Supply M0,1983-02-28T00:00:00,177044,Monthly,UNITEDSTAMONSUPM0,2015-04-25T21:12:00
United States,Money Supply M0,1983-03-31T00:00:00,177320,Monthly,UNITEDSTAMONSUPM0,2015-04-25T21:12:00
United States,Money Supply M0,1983-04-30T00:00:00,180038,Monthly,UNITEDSTAMONSUPM0,2015-04-25T21:12:00
United States,Money Supply M0,1983-05-31T00:00:00,181386,Monthly,UNITEDSTAMONSUPM0,2015-04-25T21:12:00
United States,Money Supply M0,1983-06-30T00:00:00,183320,Monthly,UNITEDSTAMONSUPM0,2015-04-25T21:12:00
United States,Money Supply M0,1983-07-31T00:00:00,185279,Monthly,UNITEDSTAMONSUPM0,2015-04-25T21:12:00
United States,Money Supply M0,1983-08-31T00:00:00,185438,Monthly,UNITEDSTAMONSUPM0,2015-04-25T21:12:00
United States,Money Supply M0,1983-09-30T00:00:00,184936,Monthly,UNITEDSTAMONSUPM0,2015-04-25T21:12:00
United States,Money Supply M0,1983-10-31T00:00:00,186416,Monthly,UNITEDSTAMONSUPM0,2015-04-25T21:12:00
United States,Money Supply M0,1983-11-30T00:00:00,189064,Monthly,UNITEDSTAMONSUPM0,2015-04-25T21:12:00
United States,Money Supply M0,1983-12-31T00:00:00,192191,Monthly,UNITEDSTAMONSUPM0,2015-04-25T21:12:00
United States,Money Supply M0,1984-01-31T00:00:00,191350,Monthly,UNITEDSTAMONSUPM0,2015-04-25T21:12:00
United States,Money Supply M0,1984-02-29T00:00:00,186839,Monthly,UNITEDSTAMONSUPM0,2015-04-25T21:12:00
United States,Money Supply M0,1984-03-31T00:00:00,189122,Monthly,UNITEDSTAMONSUPM0,2015-04-25T21:12:00
United States,Money Supply M0,1984-04-30T00:00:00,192249,Monthly,UNITEDSTAMONSUPM0,2015-04-25T21:12:00
United States,Money Supply M0,1984-05-31T00:00:00,192820,Monthly,UNITEDSTAMONSUPM0,2015-04-25T21:12:00
United States,Money Supply M0,1984-06-30T00:00:00,195695,Monthly,UNITEDSTAMONSUPM0,2015-04-25T21:12:00
United States,Money Supply M0,1984-07-31T00:00:00,197492,Monthly,UNITEDSTAMONSUPM0,2015-04-25T21:12:00
United States,Money Supply M0,1984-08-31T00:00:00,196735,Monthly,UNITEDSTAMONSUPM0,2015-04-25T21:12:00
United States,Money Supply M0,1984-09-30T00:00:00,197898,Monthly,UNITEDSTAMONSUPM0,2015-04-25T21:12:00
United States,Money Supply M0,1984-10-31T00:00:00,198076,Monthly,UNITEDSTAMONSUPM0,2015-04-25T21:12:00
United States,Money Supply M0,1984-11-30T00:00:00,200592,Monthly,UNITEDSTAMONSUPM0,2015-04-25T21:12:00
United States,Money Supply M0,1984-12-31T00:00:00,204812,Monthly,UNITEDSTAMONSUPM0,2015-04-25T21:12:00
United States,Money Supply M0,1985-01-31T00:00:00,203177,Monthly,UNITEDSTAMONSUPM0,2015-04-25T21:12:00
United States,Money Supply M0,1985-02-28T00:00:00,200224,Monthly,UNITEDSTAMONSUPM0,2015-04-25T21:12:00
United States,Money Supply M0,1985-03-31T00:00:00,202719,Monthly,UNITEDSTAMONSUPM0,2015-04-25T21:12:00
United States,Money Supply M0,1985-04-30T00:00:00,205511,Monthly,UNITEDSTAMONSUPM0,2015-04-25T21:12:00
United States,Money Supply M0,1985-05-31T00:00:00,206691,Monthly,UNITEDSTAMONSUPM0,2015-04-25T21:12:00
United States,Money Supply M0,1985-06-30T00:00:00,210250,Monthly,UNITEDSTAMONSUPM0,2015-04-25T21:12:00
United States,Money Supply M0,1985-07-31T00:00:00,212277,Monthly,UNITEDSTAMONSUPM0,2015-04-25T21:12:00
United States,Money Supply M0,1985-08-31T00:00:00,212802,Monthly,UNITEDSTAMONSUPM0,2015-04-25T21:12:00
United States,Money Supply M0,1985-09-30T00:00:00,214674,Monthly,UNITEDSTAMONSUPM0,2015-04-25T21:12:00
United States,Money Supply M0,1985-10-31T00:00:00,216000,Monthly,UNITEDSTAMONSUPM0,2015-04-25T21:12:00
United States,Money Supply M0,1985-11-30T00:00:00,219498,Monthly,UNITEDSTAMONSUPM0,2015-04-25T21:12:00
United States,Money Supply M0,1985-12-31T00:00:00,224722,Monthly,UNITEDSTAMONSUPM0,2015-04-25T21:12:00
United States,Money Supply M0,1986-01-31T00:00:00,221697,Monthly,UNITEDSTAMONSUPM0,2015-04-25T21:12:00
United States,Money Supply M0,1986-02-28T00:00:00,217759,Monthly,UNITEDSTAMONSUPM0,2015-04-25T21:12:00
United States,Money Supply M0,1986-03-31T00:00:00,221355,Monthly,UNITEDSTAMONSUPM0,2015-04-25T21:12:00
United States,Money Supply M0,1986-04-30T00:00:00,225063,Monthly,UNITEDSTAMONSUPM0,2015-04-25T21:12:00
United States,Money Supply M0,1986-05-31T00:00:00,226423,Monthly,UNITEDSTAMONSUPM0,2015-04-25T21:12:00
United States,Money Supply M0,1986-06-30T00:00:00,230141,Monthly,UNITEDSTAMONSUPM0,2015-04-25T21:12:00
United States,Money Supply M0,1986-07-31T00:00:00,232992,Monthly,UNITEDSTAMONSUPM0,2015-04-25T21:12:00
United States,Money Supply M0,1986-08-31T00:00:00,233236,Monthly,UNITEDSTAMONSUPM0,2015-04-25T21:12:00
United States,Money Supply M0,1986-09-30T00:00:00,235110,Monthly,UNITEDSTAMONSUPM0,2015-04-25T21:12:00
United States,Money Supply M0,1986-10-31T00:00:00,237005,Monthly,UNITEDSTAMONSUPM0,2015-04-25T21:12:00
United States,Money Supply M0,1986-11-30T00:00:00,241953,Monthly,UNITEDSTAMONSUPM0,2015-04-25T21:12:00
United States,Money Supply M0,1986-12-31T00:00:00,248625,Monthly,UNITEDSTAMONSUPM0,2015-04-25T21:12:00
United States,Money Supply M0,1987-01-31T00:00:00,246971,Monthly,UNITEDSTAMONSUPM0,2015-04-25T21:12:00
United States,Money Supply M0,1987-02-28T00:00:00,242453,Monthly,UNITEDSTAMONSUPM0,2015-04-25T21:12:00
United States,Money Supply M0,1987-03-31T00:00:00,244774,Monthly,UNITEDSTAMONSUPM0,2015-04-25T21:12:00
United States,Money Supply M0,1987-04-30T00:00:00,249579,Monthly,UNITEDSTAMONSUPM0,2015-04-25T21:12:00
United States,Money Supply M0,1987-05-31T00:00:00,250593,Monthly,UNITEDSTAMONSUPM0,2015-04-25T21:12:00
United States,Money Supply M0,1987-06-30T00:00:00,252859,Monthly,UNITEDSTAMONSUPM0,2015-04-25T21:12:00
United States,Money Supply M0,1987-07-31T00:00:00,254802,Monthly,UNITEDSTAMONSUPM0,2015-04-25T21:12:00
United States,Money Supply M0,1987-08-31T00:00:00,254559,Monthly,UNITEDSTAMONSUPM0,2015-04-25T21:12:00
United States,Money Supply M0,1987-09-30T00:00:00,256258,Monthly,UNITEDSTAMONSUPM0,2015-04-25T21:12:00
United States,Money Supply M0,1987-10-31T00:00:00,258112,Monthly,UNITEDSTAMONSUPM0,2015-04-25T21:12:00
United States,Money Supply M0,1987-11-30T00:00:00,262358,Monthly,UNITEDSTAMONSUPM0,2015-04-25T21:12:00
United States,Money Supply M0,1987-12-31T00:00:00,266878,Monthly,UNITEDSTAMONSUPM0,2015-04-25T21:12:00
United States,Money Supply M0,1988-01-31T00:00:00,266252,Monthly,UNITEDSTAMONSUPM0,2015-04-25T21:12:00
United States,Money Supply M0,1988-02-29T00:00:00,260724,Monthly,UNITEDSTAMONSUPM0,2015-04-25T21:12:00
United States,Money Supply M0,1988-03-31T00:00:00,263388,Monthly,UNITEDSTAMONSUPM0,2015-04-25T21:12:00
United States,Money Supply M0,1988-04-30T00:00:00,268448,Monthly,UNITEDSTAMONSUPM0,2015-04-25T21:12:00
United States,Money Supply M0,1988-05-31T00:00:00,268823,Monthly,UNITEDSTAMONSUPM0,2015-04-25T21:12:00
United States,Money Supply M0,1988-06-30T00:00:00,273081,Monthly,UNITEDSTAMONSUPM0,2015-04-25T21:12:00
United States,Money Supply M0,1988-07-31T00:00:00,275836,Monthly,UNITEDSTAMONSUPM0,2015-04-25T21:12:00
United States,Money Supply M0,1988-08-31T00:00:00,274808,Monthly,UNITEDSTAMONSUPM0,2015-04-25T21:12:00
United States,Money Supply M0,1988-09-30T00:00:00,275231,Monthly,UNITEDSTAMONSUPM0,2015-04-25T21:12:00
United States,Money Supply M0,1988-10-31T00:00:00,275440,Monthly,UNITEDSTAMONSUPM0,2015-04-25T21:12:00
United States,Money Supply M0,1988-11-30T00:00:00,279159,Monthly,UNITEDSTAMONSUPM0,2015-04-25T21:12:00
United States,Money Supply M0,1988-12-31T00:00:00,283789,Monthly,UNITEDSTAMONSUPM0,2015-04-25T21:12:00
United States,Money Supply M0,1989-01-31T00:00:00,282165,Monthly,UNITEDSTAMONSUPM0,2015-04-25T21:12:00
United States,Money Supply M0,1989-02-28T00:00:00,275271,Monthly,UNITEDSTAMONSUPM0,2015-04-25T21:12:00
United States,Money Supply M0,1989-03-31T00:00:00,278788,Monthly,UNITEDSTAMONSUPM0,2015-04-25T21:12:00
United States,Money Supply M0,1989-04-30T00:00:00,281630,Monthly,UNITEDSTAMONSUPM0,2015-04-25T21:12:00
United States,Money Supply M0,1989-05-31T00:00:00,280583,Monthly,UNITEDSTAMONSUPM0,2015-04-25T21:12:00
United States,Money Supply M0,1989-06-30T00:00:00,283671,Monthly,UNITEDSTAMONSUPM0,2015-04-25T21:12:00
United States,Money Supply M0,1989-07-31T00:00:00,285701,Monthly,UNITEDSTAMONSUPM0,2015-04-25T21:12:00
United States,Money Supply M0,1989-08-31T00:00:00,283854,Monthly,UNITEDSTAMONSUPM0,2015-04-25T21:12:00
United States,Money Supply M0,1989-09-30T00:00:00,284036,Monthly,UNITEDSTAMONSUPM0,2015-04-25T21:12:00
United States,Money Supply M0,1989-10-31T00:00:00,284238,Monthly,UNITEDSTAMONSUPM0,2015-04-25T21:12:00
United States,Money Supply M0,1989-11-30T00:00:00,287814,Monthly,UNITEDSTAMONSUPM0,2015-04-25T21:12:00
United States,Money Supply M0,1989-12-31T00:00:00,294323,Monthly,UNITEDSTAMONSUPM0,2015-04-25T21:12:00
United States,Money Supply M0,1990-01-31T00:00:00,293132,Monthly,UNITEDSTAMONSUPM0,2015-04-25T21:12:00
United States,Money Supply M0,1990-02-28T00:00:00,287719,Monthly,UNITEDSTAMONSUPM0,2015-04-25T21:12:00
United States,Money Supply M0,1990-03-31T00:00:00,292402,Monthly,UNITEDSTAMONSUPM0,2015-04-25T21:12:00
United States,Money Supply M0,1990-04-30T00:00:00,297404,Monthly,UNITEDSTAMONSUPM0,2015-04-25T21:12:00
United States,Money Supply M0,1990-05-31T00:00:00,297279,Monthly,UNITEDSTAMONSUPM0,2015-04-25T21:12:00
United States,Money Supply M0,1990-06-30T00:00:00,301742,Monthly,UNITEDSTAMONSUPM0,2015-04-25T21:12:00
United States,Money Supply M0,1990-07-31T00:00:00,303888,Monthly,UNITEDSTAMONSUPM0,2015-04-25T21:12:00
United States,Money Supply M0,1990-08-31T00:00:00,305147,Monthly,UNITEDSTAMONSUPM0,2015-04-25T21:12:00
United States,Money Supply M0,1990-09-30T00:00:00,308033,Monthly,UNITEDSTAMONSUPM0,2015-04-25T21:12:00
United States,Money Supply M0,1990-10-31T00:00:00,308764,Monthly,UNITEDSTAMONSUPM0,2015-04-25T21:12:00
United States,Money Supply M0,1990-11-30T00:00:00,313670,Monthly,UNITEDSTAMONSUPM0,2015-04-25T21:12:00
United States,Money Supply M0,1990-12-31T00:00:00,315270,Monthly,UNITEDSTAMONSUPM0,2015-04-25T21:12:00
United States,Money Supply M0,1991-01-31T00:00:00,309597,Monthly,UNITEDSTAMONSUPM0,2015-04-25T21:12:00
United States,Money Supply M0,1991-02-28T00:00:00,306945,Monthly,UNITEDSTAMONSUPM0,2015-04-25T21:12:00
United States,Money Supply M0,1991-03-31T00:00:00,311089,Monthly,UNITEDSTAMONSUPM0,2015-04-25T21:12:00
United States,Money Supply M0,1991-04-30T00:00:00,314068,Monthly,UNITEDSTAMONSUPM0,2015-04-25T21:12:00
United States,Money Supply M0,1991-05-31T00:00:00,314339,Monthly,UNITEDSTAMONSUPM0,2015-04-25T21:12:00
United States,Money Supply M0,1991-06-30T00:00:00,318071,Monthly,UNITEDSTAMONSUPM0,2015-04-25T21:12:00
United States,Money Supply M0,1991-07-31T00:00:00,319987,Monthly,UNITEDSTAMONSUPM0,2015-04-25T21:12:00
United States,Money Supply M0,1991-08-31T00:00:00,320051,Monthly,UNITEDSTAMONSUPM0,2015-04-25T21:12:00
United States,Money Supply M0,1991-09-30T00:00:00,321825,Monthly,UNITEDSTAMONSUPM0,2015-04-25T21:12:00
United States,Money Supply M0,1991-10-31T00:00:00,323057,Monthly,UNITEDSTAMONSUPM0,2015-04-25T21:12:00
United States,Money Supply M0,1991-11-30T00:00:00,328415,Monthly,UNITEDSTAMONSUPM0,2015-04-25T21:12:00
United States,Money Supply M0,1991-12-31T00:00:00,335415,Monthly,UNITEDSTAMONSUPM0,2015-04-25T21:12:00
United States,Money Supply M0,1992-01-31T00:00:00,333149,Monthly,UNITEDSTAMONSUPM0,2015-04-25T21:12:00
United States,Money Supply M0,1992-02-29T00:00:00,331242,Monthly,UNITEDSTAMONSUPM0,2015-04-25T21:12:00
United States,Money Supply M0,1992-03-31T00:00:00,335595,Monthly,UNITEDSTAMONSUPM0,2015-04-25T21:12:00
United States,Money Supply M0,1992-04-30T00:00:00,333124,Monthly,UNITEDSTAMONSUPM0,2015-04-25T21:12:00
United States,Money Supply M0,1992-05-31T00:00:00,334541,Monthly,UNITEDSTAMONSUPM0,2015-04-25T21:12:00
United States,Money Supply M0,1992-06-30T00:00:00,337098,Monthly,UNITEDSTAMONSUPM0,2015-04-25T21:12:00
United States,Money Supply M0,1992-07-31T00:00:00,340424,Monthly,UNITEDSTAMONSUPM0,2015-04-25T21:12:00
United States,Money Supply M0,1992-08-31T00:00:00,342727,Monthly,UNITEDSTAMONSUPM0,2015-04-25T21:12:00
United States,Money Supply M0,1992-09-30T00:00:00,346903,Monthly,UNITEDSTAMONSUPM0,2015-04-25T21:12:00
United States,Money Supply M0,1992-10-31T00:00:00,349808,Monthly,UNITEDSTAMONSUPM0,2015-04-25T21:12:00
United States,Money Supply M0,1992-11-30T00:00:00,355924,Monthly,UNITEDSTAMONSUPM0,2015-04-25T21:12:00
United States,Money Supply M0,1992-12-31T00:00:00,361903,Monthly,UNITEDSTAMONSUPM0,2015-04-25T21:12:00
United States,Money Supply M0,1993-01-31T00:00:00,360650,Monthly,UNITEDSTAMONSUPM0,2015-04-25T21:12:00
United States,Money Supply M0,1993-02-28T00:00:00,359533,Monthly,UNITEDSTAMONSUPM0,2015-04-25T21:12:00
United States,Money Supply M0,1993-03-31T00:00:00,362723,Monthly,UNITEDSTAMONSUPM0,2015-04-25T21:12:00
United States,Money Supply M0,1993-04-30T00:00:00,368849,Monthly,UNITEDSTAMONSUPM0,2015-04-25T21:12:00
United States,Money Supply M0,1993-05-31T00:00:00,370845,Monthly,UNITEDSTAMONSUPM0,2015-04-25T21:12:00
United States,Money Supply M0,1993-06-30T00:00:00,375841,Monthly,UNITEDSTAMONSUPM0,2015-04-25T21:12:00
United States,Money Supply M0,1993-07-31T00:00:00,379121,Monthly,UNITEDSTAMONSUPM0,2015-04-25T21:12:00
United States,Money Supply M0,1993-08-31T00:00:00,380892,Monthly,UNITEDSTAMONSUPM0,2015-04-25T21:12:00
United States,Money Supply M0,1993-09-30T00:00:00,384705,Monthly,UNITEDSTAMONSUPM0,2015-04-25T21:12:00
United States,Money Supply M0,1993-10-31T00:00:00,388226,Monthly,UNITEDSTAMONSUPM0,2015-04-25T21:12:00
United States,Money Supply M0,1993-11-30T00:00:00,391960,Monthly,UNITEDSTAMONSUPM0,2015-04-25T21:12:00
United States,Money Supply M0,1993-12-31T00:00:00,398638,Monthly,UNITEDSTAMONSUPM0,2015-04-25T21:12:00
United States,Money Supply M0,1994-01-31T00:00:00,397786,Monthly,UNITEDSTAMONSUPM0,2015-04-25T21:12:00
United States,Money Supply M0,1994-02-28T00:00:00,397926,Monthly,UNITEDSTAMONSUPM0,2015-04-25T21:12:00
United States,Money Supply M0,1994-03-31T00:00:00,400752,Monthly,UNITEDSTAMONSUPM0,2015-04-25T21:12:00
United States,Money Supply M0,1994-04-30T00:00:00,406948,Monthly,UNITEDSTAMONSUPM0,2015-04-25T21:12:00
United States,Money Supply M0,1994-05-31T00:00:00,407088,Monthly,UNITEDSTAMONSUPM0,2015-04-25T21:12:00
United States,Money Supply M0,1994-06-30T00:00:00,411591,Monthly,UNITEDSTAMONSUPM0,2015-04-25T21:12:00
United States,Money Supply M0,1994-07-31T00:00:00,415010,Monthly,UNITEDSTAMONSUPM0,2015-04-25T21:12:00
United States,Money Supply M0,1994-08-31T00:00:00,415263,Monthly,UNITEDSTAMONSUPM0,2015-04-25T21:12:00
United States,Money Supply M0,1994-09-30T00:00:00,416866,Monthly,UNITEDSTAMONSUPM0,2015-04-25T21:12:00
United States,Money Supply M0,1994-10-31T00:00:00,418679,Monthly,UNITEDSTAMONSUPM0,2015-04-25T21:12:00
United States,Money Supply M0,1994-11-30T00:00:00,423063,Monthly,UNITEDSTAMONSUPM0,2015-04-25T21:12:00
United States,Money Supply M0,1994-12-31T00:00:00,428489,Monthly,UNITEDSTAMONSUPM0,2015-04-25T21:12:00
United States,Money Supply M0,1995-01-31T00:00:00,426222,Monthly,UNITEDSTAMONSUPM0,2015-04-25T21:12:00
United States,Money Supply M0,1995-02-28T00:00:00,422895,Monthly,UNITEDSTAMONSUPM0,2015-04-25T21:12:00
United States,Money Supply M0,1995-03-31T00:00:00,427727,Monthly,UNITEDSTAMONSUPM0,2015-04-25T21:12:00
United States,Money Supply M0,1995-04-30T00:00:00,433540,Monthly,UNITEDSTAMONSUPM0,2015-04-25T21:12:00
United States,Money Supply M0,1995-05-31T00:00:00,434008,Monthly,UNITEDSTAMONSUPM0,2015-04-25T21:12:00
United States,Money Supply M0,1995-06-30T00:00:00,434846,Monthly,UNITEDSTAMONSUPM0,2015-04-25T21:12:00
United States,Money Supply M0,1995-07-31T00:00:00,435915,Monthly,UNITEDSTAMONSUPM0,2015-04-25T21:12:00
United States,Money Supply M0,1995-08-31T00:00:00,435546,Monthly,UNITEDSTAMONSUPM0,2015-04-25T21:12:00
United States,Money Supply M0,1995-09-30T00:00:00,436332,Monthly,UNITEDSTAMONSUPM0,2015-04-25T21:12:00
United States,Money Supply M0,1995-10-31T00:00:00,436570,Monthly,UNITEDSTAMONSUPM0,2015-04-25T21:12:00
United States,Money Supply M0,1995-11-30T00:00:00,439093,Monthly,UNITEDSTAMONSUPM0,2015-04-25T21:12:00
United States,Money Supply M0,1995-12-31T00:00:00,445840,Monthly,UNITEDSTAMONSUPM0,2015-04-25T21:12:00
United States,Money Supply M0,1996-01-31T00:00:00,441733,Monthly,UNITEDSTAMONSUPM0,2015-04-25T21:12:00
United States,Money Supply M0,1996-02-29T00:00:00,435714,Monthly,UNITEDSTAMONSUPM0,2015-04-25T21:12:00
United States,Money Supply M0,1996-03-31T00:00:00,440455,Monthly,UNITEDSTAMONSUPM0,2015-04-25T21:12:00
United States,Money Supply M0,1996-04-30T00:00:00,443376,Monthly,UNITEDSTAMONSUPM0,2015-04-25T21:12:00
United States,Money Supply M0,1996-05-31T00:00:00,443014,Monthly,UNITEDSTAMONSUPM0,2015-04-25T21:12:00
United States,Money Supply M0,1996-06-30T00:00:00,446423,Monthly,UNITEDSTAMONSUPM0,2015-04-25T21:12:00
United States,Money Supply M0,1996-07-31T00:00:00,449831,Monthly,UNITEDSTAMONSUPM0,2015-04-25T21:12:00
United States,Money Supply M0,1996-08-31T00:00:00,450911,Monthly,UNITEDSTAMONSUPM0,2015-04-25T21:12:00
United States,Money Supply M0,1996-09-30T00:00:00,451954,Monthly,UNITEDSTAMONSUPM0,2015-04-25T21:12:00
United States,Money Supply M0,1996-10-31T00:00:00,452496,Monthly,UNITEDSTAMONSUPM0,2015-04-25T21:12:00
United States,Money Supply M0,1996-11-30T00:00:00,457010,Monthly,UNITEDSTAMONSUPM0,2015-04-25T21:12:00
United States,Money Supply M0,1996-12-31T00:00:00,464955,Monthly,UNITEDSTAMONSUPM0,2015-04-25T21:12:00
United States,Money Supply M0,1997-01-31T00:00:00,462505,Monthly,UNITEDSTAMONSUPM0,2015-04-25T21:12:00
United States,Money Supply M0,1997-02-28T00:00:00,459914,Monthly,UNITEDSTAMONSUPM0,2015-04-25T21:12:00
United States,Money Supply M0,1997-03-31T00:00:00,462300,Monthly,UNITEDSTAMONSUPM0,2015-04-25T21:12:00
United States,Money Supply M0,1997-04-30T00:00:00,465478,Monthly,UNITEDSTAMONSUPM0,2015-04-25T21:12:00
United States,Money Supply M0,1997-05-31T00:00:00,467038,Monthly,UNITEDSTAMONSUPM0,2015-04-25T21:12:00
United States,Money Supply M0,1997-06-30T00:00:00,469816,Monthly,UNITEDSTAMONSUPM0,2015-04-25T21:12:00
United States,Money Supply M0,1997-07-31T00:00:00,473111,Monthly,UNITEDSTAMONSUPM0,2015-04-25T21:12:00
United States,Money Supply M0,1997-08-31T00:00:00,474323,Monthly,UNITEDSTAMONSUPM0,2015-04-25T21:12:00
United States,Money Supply M0,1997-09-30T00:00:00,475441,Monthly,UNITEDSTAMONSUPM0,2015-04-25T21:12:00
United States,Money Supply M0,1997-10-31T00:00:00,477667,Monthly,UNITEDSTAMONSUPM0,2015-04-25T21:12:00
United States,Money Supply M0,1997-11-30T00:00:00,484618,Monthly,UNITEDSTAMONSUPM0,2015-04-25T21:12:00
United States,Money Supply M0,1997-12-31T00:00:00,493078,Monthly,UNITEDSTAMONSUPM0,2015-04-25T21:12:00
United States,Money Supply M0,1998-01-31T00:00:00,491235,Monthly,UNITEDSTAMONSUPM0,2015-04-25T21:12:00
United States,Money Supply M0,1998-02-28T00:00:00,488420,Monthly,UNITEDSTAMONSUPM0,2015-04-25T21:12:00
United States,Money Supply M0,1998-03-31T00:00:00,491007,Monthly,UNITEDSTAMONSUPM0,2015-04-25T21:12:00
United States,Money Supply M0,1998-04-30T00:00:00,494118,Monthly,UNITEDSTAMONSUPM0,2015-04-25T21:12:00
United States,Money Supply M0,1998-05-31T00:00:00,495231,Monthly,UNITEDSTAMONSUPM0,2015-04-25T21:12:00
United States,Money Supply M0,1998-06-30T00:00:00,498108,Monthly,UNITEDSTAMONSUPM0,2015-04-25T21:12:00
United States,Money Supply M0,1998-07-31T00:00:00,502446,Monthly,UNITEDSTAMONSUPM0,2015-04-25T21:12:00
United States,Money Supply M0,1998-08-31T00:00:00,504866,Monthly,UNITEDSTAMONSUPM0,2015-04-25T21:12:00
United States,Money Supply M0,1998-09-30T00:00:00,508591,Monthly,UNITEDSTAMONSUPM0,2015-04-25T21:12:00
United States,Money Supply M0,1998-10-31T00:00:00,512552,Monthly,UNITEDSTAMONSUPM0,2015-04-25T21:12:00
United States,Money Supply M0,1998-11-30T00:00:00,518349,Monthly,UNITEDSTAMONSUPM0,2015-04-25T21:12:00
United States,Money Supply M0,1998-12-31T00:00:00,526435,Monthly,UNITEDSTAMONSUPM0,2015-04-25T21:12:00
United States,Money Supply M0,1999-01-31T00:00:00,527870,Monthly,UNITEDSTAMONSUPM0,2015-04-25T21:12:00
United States,Money Supply M0,1999-02-28T00:00:00,526387,Monthly,UNITEDSTAMONSUPM0,2015-04-25T21:12:00
United States,Money Supply M0,1999-03-31T00:00:00,531013,Monthly,UNITEDSTAMONSUPM0,2015-04-25T21:12:00
United States,Money Supply M0,1999-04-30T00:00:00,535171,Monthly,UNITEDSTAMONSUPM0,2015-04-25T21:12:00
United States,Money Supply M0,1999-05-31T00:00:00,540620,Monthly,UNITEDSTAMONSUPM0,2015-04-25T21:12:00
United States,Money Supply M0,1999-06-30T00:00:00,544016,Monthly,UNITEDSTAMONSUPM0,2015-04-25T21:12:00
United States,Money Supply M0,1999-07-31T00:00:00,548817,Monthly,UNITEDSTAMONSUPM0,2015-04-25T21:12:00
United States,Money Supply M0,1999-08-31T00:00:00,551361,Monthly,UNITEDSTAMONSUPM0,2015-04-25T21:12:00
United States,Money Supply M0,1999-09-30T00:00:00,556828,Monthly,UNITEDSTAMONSUPM0,2015-04-25T21:12:00
United States,Money Supply M0,1999-10-31T00:00:00,564665,Monthly,UNITEDSTAMONSUPM0,2015-04-25T21:12:00
United States,Money Supply M0,1999-11-30T00:00:00,582758,Monthly,UNITEDSTAMONSUPM0,2015-04-25T21:12:00
United States,Money Supply M0,1999-12-31T00:00:00,612499,Monthly,UNITEDSTAMONSUPM0,2015-04-25T21:12:00
United States,Money Supply M0,2000-01-31T00:00:00,601868,Monthly,UNITEDSTAMONSUPM0,2015-04-25T21:12:00
United States,Money Supply M0,2000-02-29T00:00:00,578030,Monthly,UNITEDSTAMONSUPM0,2015-04-25T21:12:00
United States,Money Supply M0,2000-03-31T00:00:00,577105,Monthly,UNITEDSTAMONSUPM0,2015-04-25T21:12:00
United States,Money Supply M0,2000-04-30T00:00:00,578588,Monthly,UNITEDSTAMONSUPM0,2015-04-25T21:12:00
United States,Money Supply M0,2000-05-31T00:00:00,580556,Monthly,UNITEDSTAMONSUPM0,2015-04-25T21:12:00
United States,Money Supply M0,2000-06-30T00:00:00,581960,Monthly,UNITEDSTAMONSUPM0,2015-04-25T21:12:00
United States,Money Supply M0,2000-07-31T00:00:00,584222,Monthly,UNITEDSTAMONSUPM0,2015-04-25T21:12:00
United States,Money Supply M0,2000-08-31T00:00:00,583423,Monthly,UNITEDSTAMONSUPM0,2015-04-25T21:12:00
United States,Money Supply M0,2000-09-30T00:00:00,583752,Monthly,UNITEDSTAMONSUPM0,2015-04-25T21:12:00
United States,Money Supply M0,2000-10-31T00:00:00,585252,Monthly,UNITEDSTAMONSUPM0,2015-04-25T21:12:00
United States,Money Supply M0,2000-11-30T00:00:00,590277,Monthly,UNITEDSTAMONSUPM0,2015-04-25T21:12:00
United States,Money Supply M0,2000-12-31T00:00:00,598305,Monthly,UNITEDSTAMONSUPM0,2015-04-25T21:12:00
United States,Money Supply M0,2001-01-31T00:00:00,598666,Monthly,UNITEDSTAMONSUPM0,2015-04-25T21:12:00
United States,Money Supply M0,2001-02-28T00:00:00,595873,Monthly,UNITEDSTAMONSUPM0,2015-04-25T21:12:00
United States,Money Supply M0,2001-03-31T00:00:00,599106,Monthly,UNITEDSTAMONSUPM0,2015-04-25T21:12:00
United States,Money Supply M0,2001-04-30T00:00:00,601727,Monthly,UNITEDSTAMONSUPM0,2015-04-25T21:12:00
United States,Money Supply M0,2001-05-31T00:00:00,605919,Monthly,UNITEDSTAMONSUPM0,2015-04-25T21:12:00
United States,Money Supply M0,2001-06-30T00:00:00,609096,Monthly,UNITEDSTAMONSUPM0,2015-04-25T21:12:00
United States,Money Supply M0,2001-07-31T00:00:00,615984,Monthly,UNITEDSTAMONSUPM0,2015-04-25T21:12:00
United States,Money Supply M0,2001-08-31T00:00:00,622427,Monthly,UNITEDSTAMONSUPM0,2015-04-25T21:12:00
United States,Money Supply M0,2001-09-30T00:00:00,647223,Monthly,UNITEDSTAMONSUPM0,2015-04-25T21:12:00
United States,Money Supply M0,2001-10-31T00:00:00,635154,Monthly,UNITEDSTAMONSUPM0,2015-04-25T21:12:00
United States,Money Supply M0,2001-11-30T00:00:00,639465,Monthly,UNITEDSTAMONSUPM0,2015-04-25T21:12:00
United States,Money Supply M0,2001-12-31T00:00:00,650775,Monthly,UNITEDSTAMONSUPM0,2015-04-25T21:12:00
United States,Money Supply M0,2002-01-31T00:00:00,653760,Monthly,UNITEDSTAMONSUPM0,2015-04-25T21:12:00
United States,Money Supply M0,2002-02-28T00:00:00,654639,Monthly,UNITEDSTAMONSUPM0,2015-04-25T21:12:00
United States,Money Supply M0,2002-03-31T00:00:00,658956,Monthly,UNITEDSTAMONSUPM0,2015-04-25T21:12:00
United States,Money Supply M0,2002-04-30T00:00:00,663401,Monthly,UNITEDSTAMONSUPM0,2015-04-25T21:12:00
United States,Money Supply M0,2002-05-31T00:00:00,668606,Monthly,UNITEDSTAMONSUPM0,2015-04-25T21:12:00
United States,Money Supply M0,2002-06-30T00:00:00,673966,Monthly,UNITEDSTAMONSUPM0,2015-04-25T21:12:00
United States,Money Supply M0,2002-07-31T00:00:00,679310,Monthly,UNITEDSTAMONSUPM0,2015-04-25T21:12:00
United States,Money Supply M0,2002-08-31T00:00:00,679765,Monthly,UNITEDSTAMONSUPM0,2015-04-25T21:12:00
United States,Money Supply M0,2002-09-30T00:00:00,680397,Monthly,UNITEDSTAMONSUPM0,2015-04-25T21:12:00
United States,Money Supply M0,2002-10-31T00:00:00,681855,Monthly,UNITEDSTAMONSUPM0,2015-04-25T21:12:00
United States,Money Supply M0,2002-11-30T00:00:00,688494,Monthly,UNITEDSTAMONSUPM0,2015-04-25T21:12:00
United States,Money Supply M0,2002-12-31T00:00:00,699216,Monthly,UNITEDSTAMONSUPM0,2015-04-25T21:12:00
United States,Money Supply M0,2003-01-31T00:00:00,699262,Monthly,UNITEDSTAMONSUPM0,2015-04-25T21:12:00
United States,Money Supply M0,2003-02-28T00:00:00,700958,Monthly,UNITEDSTAMONSUPM0,2015-04-25T21:12:00
United States,Money Supply M0,2003-03-31T00:00:00,705269,Monthly,UNITEDSTAMONSUPM0,2015-04-25T21:12:00
United States,Money Supply M0,2003-04-30T00:00:00,709552,Monthly,UNITEDSTAMONSUPM0,2015-04-25T21:12:00
United States,Money Supply M0,2003-05-31T00:00:00,713711,Monthly,UNITEDSTAMONSUPM0,2015-04-25T21:12:00
United States,Money Supply M0,2003-06-30T00:00:00,714979,Monthly,UNITEDSTAMONSUPM0,2015-04-25T21:12:00
United States,Money Supply M0,2003-07-31T00:00:00,717614,Monthly,UNITEDSTAMONSUPM0,2015-04-25T21:12:00
United States,Money Supply M0,2003-08-31T00:00:00,720922,Monthly,UNITEDSTAMONSUPM0,2015-04-25T21:12:00
United States,Money Supply M0,2003-09-30T00:00:00,721062,Monthly,UNITEDSTAMONSUPM0,2015-04-25T21:12:00
United States,Money Supply M0,2003-10-31T00:00:00,724756,Monthly,UNITEDSTAMONSUPM0,2015-04-25T21:12:00
United States,Money Supply M0,2003-11-30T00:00:00,730637,Monthly,UNITEDSTAMONSUPM0,2015-04-25T21:12:00
United States,Money Supply M0,2003-12-31T00:00:00,739408,Monthly,UNITEDSTAMONSUPM0,2015-04-25T21:12:00
United States,Money Supply M0,2004-01-31T00:00:00,736438,Monthly,UNITEDSTAMONSUPM0,2015-04-25T21:12:00
United States,Money Supply M0,2004-02-29T00:00:00,735287,Monthly,UNITEDSTAMONSUPM0,2015-04-25T21:12:00
United States,Money Supply M0,2004-03-31T00:00:00,736780,Monthly,UNITEDSTAMONSUPM0,2015-04-25T21:12:00
United States,Money Supply M0,2004-04-30T00:00:00,741207,Monthly,UNITEDSTAMONSUPM0,2015-04-25T21:12:00
United States,Money Supply M0,2004-05-31T00:00:00,745039,Monthly,UNITEDSTAMONSUPM0,2015-04-25T21:12:00
United States,Money Supply M0,2004-06-30T00:00:00,750697,Monthly,UNITEDSTAMONSUPM0,2015-04-25T21:12:00
United States,Money Supply M0,2004-07-31T00:00:00,757304,Monthly,UNITEDSTAMONSUPM0,2015-04-25T21:12:00
United States,Money Supply M0,2004-08-31T00:00:00,757181,Monthly,UNITEDSTAMONSUPM0,2015-04-25T21:12:00
United States,Money Supply M0,2004-09-30T00:00:00,762233,Monthly,UNITEDSTAMONSUPM0,2015-04-25T21:12:00
United States,Money Supply M0,2004-10-31T00:00:00,763876,Monthly,UNITEDSTAMONSUPM0,2015-04-25T21:12:00
United States,Money Supply M0,2004-11-30T00:00:00,770493,Monthly,UNITEDSTAMONSUPM0,2015-04-25T21:12:00
United States,Money Supply M0,2004-12-31T00:00:00,776279,Monthly,UNITEDSTAMONSUPM0,2015-04-25T21:12:00
United States,Money Supply M0,2005-01-31T00:00:00,775222,Monthly,UNITEDSTAMONSUPM0,2015-04-25T21:12:00
United States,Money Supply M0,2005-02-28T00:00:00,772882,Monthly,UNITEDSTAMONSUPM0,2015-04-25T21:12:00
United States,Money Supply M0,2005-03-31T00:00:00,773481,Monthly,UNITEDSTAMONSUPM0,2015-04-25T21:13:00
United States,Money Supply M0,2005-04-30T00:00:00,775537,Monthly,UNITEDSTAMONSUPM0,2015-04-25T21:13:00
United States,Money Supply M0,2005-05-31T00:00:00,776356,Monthly,UNITEDSTAMONSUPM0,2015-04-25T21:13:00
United States,Money Supply M0,2005-06-30T00:00:00,780669,Monthly,UNITEDSTAMONSUPM0,2015-04-25T21:13:00
United States,Money Supply M0,2005-07-31T00:00:00,782860,Monthly,UNITEDSTAMONSUPM0,2015-04-25T21:13:00
United States,Money Supply M0,2005-08-31T00:00:00,782727,Monthly,UNITEDSTAMONSUPM0,2015-04-25T21:13:00
United States,Money Supply M0,2005-09-30T00:00:00,787943,Monthly,UNITEDSTAMONSUPM0,2015-04-25T21:13:00
United States,Money Supply M0,2005-10-31T00:00:00,787216,Monthly,UNITEDSTAMONSUPM0,2015-04-25T21:13:00
United States,Money Supply M0,2005-11-30T00:00:00,793472,Monthly,UNITEDSTAMONSUPM0,2015-04-25T21:13:00
United States,Money Supply M0,2005-12-31T00:00:00,803124,Monthly,UNITEDSTAMONSUPM0,2015-04-25T21:13:00
United States,Money Supply M0,2006-01-31T00:00:00,804172,Monthly,UNITEDSTAMONSUPM0,2015-04-25T21:13:00
United States,Money Supply M0,2006-02-28T00:00:00,804855,Monthly,UNITEDSTAMONSUPM0,2015-04-25T21:13:00
United States,Money Supply M0,2006-03-31T00:00:00,810146,Monthly,UNITEDSTAMONSUPM0,2015-04-25T21:13:00
United States,Money Supply M0,2006-04-30T00:00:00,809191,Monthly,UNITEDSTAMONSUPM0,2015-04-25T21:13:00
United States,Money Supply M0,2006-05-31T00:00:00,812561,Monthly,UNITEDSTAMONSUPM0,2015-04-25T21:13:00
United States,Money Supply M0,2006-06-30T00:00:00,812366,Monthly,UNITEDSTAMONSUPM0,2015-04-25T21:13:00
United States,Money Supply M0,2006-07-31T00:00:00,811505,Monthly,UNITEDSTAMONSUPM0,2015-04-25T21:13:00
United States,Money Supply M0,2006-08-31T00:00:00,809714,Monthly,UNITEDSTAMONSUPM0,2015-04-25T21:13:00
United States,Money Supply M0,2006-09-30T00:00:00,810401,Monthly,UNITEDSTAMONSUPM0,2015-04-25T21:13:00
United States,Money Supply M0,2006-10-31T00:00:00,809839,Monthly,UNITEDSTAMONSUPM0,2015-04-25T21:13:00
United States,Money Supply M0,2006-11-30T00:00:00,816786,Monthly,UNITEDSTAMONSUPM0,2015-04-25T21:13:00
United States,Money Supply M0,2006-12-31T00:00:00,826731,Monthly,UNITEDSTAMONSUPM0,2015-04-25T21:13:00
United States,Money Supply M0,2007-01-31T00:00:00,822978,Monthly,UNITEDSTAMONSUPM0,2015-04-25T21:13:00
United States,Money Supply M0,2007-02-28T00:00:00,820044,Monthly,UNITEDSTAMONSUPM0,2015-04-25T21:13:00
United States,Money Supply M0,2007-03-31T00:00:00,820914,Monthly,UNITEDSTAMONSUPM0,2015-04-25T21:13:00
United States,Money Supply M0,2007-04-30T00:00:00,822978,Monthly,UNITEDSTAMONSUPM0,2015-04-25T21:13:00
United States,Money Supply M0,2007-05-31T00:00:00,825698,Monthly,UNITEDSTAMONSUPM0,2015-04-25T21:13:00
United States,Money Supply M0,2007-06-30T00:00:00,827158,Monthly,UNITEDSTAMONSUPM0,2015-04-25T21:13:00
United States,Money Supply M0,2007-07-31T00:00:00,828938,Monthly,UNITEDSTAMONSUPM0,2015-04-25T21:13:00
United States,Money Supply M0,2007-08-31T00:00:00,829602,Monthly,UNITEDSTAMONSUPM0,2015-04-25T21:13:00
United States,Money Supply M0,2007-09-30T00:00:00,827418,Monthly,UNITEDSTAMONSUPM0,2015-04-25T21:13:00
United States,Money Supply M0,2007-10-31T00:00:00,829039,Monthly,UNITEDSTAMONSUPM0,2015-04-25T21:13:00
United States,Money Supply M0,2007-11-30T00:00:00,834315,Monthly,UNITEDSTAMONSUPM0,2015-04-25T21:13:00
United States,Money Supply M0,2007-12-31T00:00:00,837192,Monthly,UNITEDSTAMONSUPM0,2015-04-25T21:13:00
United States,Money Supply M0,2008-01-31T00:00:00,830632,Monthly,UNITEDSTAMONSUPM0,2015-04-25T21:13:00
United States,Money Supply M0,2008-02-29T00:00:00,829527,Monthly,UNITEDSTAMONSUPM0,2015-04-25T21:13:00
United States,Money Supply M0,2008-03-31T00:00:00,832999,Monthly,UNITEDSTAMONSUPM0,2015-04-25T21:13:00
United States,Money Supply M0,2008-04-30T00:00:00,830234,Monthly,UNITEDSTAMONSUPM0,2015-04-25T21:13:00
United States,Money Supply M0,2008-05-31T00:00:00,834675,Monthly,UNITEDSTAMONSUPM0,2015-04-25T21:13:00
United States,Money Supply M0,2008-06-30T00:00:00,840175,Monthly,UNITEDSTAMONSUPM0,2015-04-25T21:13:00
United States,Money Supply M0,2008-07-31T00:00:00,847018,Monthly,UNITEDSTAMONSUPM0,2015-04-25T21:13:00
United States,Money Supply M0,2008-08-31T00:00:00,847628,Monthly,UNITEDSTAMONSUPM0,2015-04-25T21:13:00
United States,Money Supply M0,2008-09-30T00:00:00,909687,Monthly,UNITEDSTAMONSUPM0,2015-04-25T21:13:00
United States,Money Supply M0,2008-10-31T00:00:00,1136412,Monthly,UNITEDSTAMONSUPM0,2015-04-25T21:13:00
United States,Money Supply M0,2008-11-30T00:00:00,1442251,Monthly,UNITEDSTAMONSUPM0,2015-04-25T21:13:00
United States,Money Supply M0,2008-12-31T00:00:00,1666365,Monthly,UNITEDSTAMONSUPM0,2015-04-25T21:13:00
United States,Money Supply M0,2009-01-31T00:00:00,1712014,Monthly,UNITEDSTAMONSUPM0,2015-04-25T21:13:00
United States,Money Supply M0,2009-02-28T00:00:00,1561699,Monthly,UNITEDSTAMONSUPM0,2015-04-25T21:13:00
United States,Money Supply M0,2009-03-31T00:00:00,1647305,Monthly,UNITEDSTAMONSUPM0,2015-04-25T21:13:00
United States,Money Supply M0,2009-04-30T00:00:00,1753246,Monthly,UNITEDSTAMONSUPM0,2015-04-25T21:13:00
United States,Money Supply M0,2009-05-31T00:00:00,1775104,Monthly,UNITEDSTAMONSUPM0,2015-04-25T21:13:00
United States,Money Supply M0,2009-06-30T00:00:00,1683704,Monthly,UNITEDSTAMONSUPM0,2015-04-25T21:13:00
United States,Money Supply M0,2009-07-31T00:00:00,1673598,Monthly,UNITEDSTAMONSUPM0,2015-04-25T21:13:00
United States,Money Supply M0,2009-08-31T00:00:00,1710773,Monthly,UNITEDSTAMONSUPM0,2015-04-25T21:13:00
United States,Money Supply M0,2009-09-30T00:00:00,1801165,Monthly,UNITEDSTAMONSUPM0,2015-04-25T21:13:00
United States,Money Supply M0,2009-10-31T00:00:00,1936314,Monthly,UNITEDSTAMONSUPM0,2015-04-25T21:13:00
United States,Money Supply M0,2009-11-30T00:00:00,2024608,Monthly,UNITEDSTAMONSUPM0,2015-04-25T21:13:00
United States,Money Supply M0,2009-12-31T00:00:00,2026220,Monthly,UNITEDSTAMONSUPM0,2015-04-25T21:13:00
United States,Money Supply M0,2010-01-31T00:00:00,1994962,Monthly,UNITEDSTAMONSUPM0,2015-04-25T21:13:00
United States,Money Supply M0,2010-02-28T00:00:00,2115182,Monthly,UNITEDSTAMONSUPM0,2015-04-25T21:13:00
United States,Money Supply M0,2010-03-31T00:00:00,2079591,Monthly,UNITEDSTAMONSUPM0,2015-04-25T21:13:00
United States,Money Supply M0,2010-04-30T00:00:00,2014449,Monthly,UNITEDSTAMONSUPM0,2015-04-25T21:13:00
United States,Money Supply M0,2010-05-31T00:00:00,2012331,Monthly,UNITEDSTAMONSUPM0,2015-04-25T21:13:00
United States,Money Supply M0,2010-06-30T00:00:00,2002433,Monthly,UNITEDSTAMONSUPM0,2015-04-25T21:13:00
United States,Money Supply M0,2010-07-31T00:00:00,1994298,Monthly,UNITEDSTAMONSUPM0,2015-04-25T21:13:00
United States,Money Supply M0,2010-08-31T00:00:00,1993664,Monthly,UNITEDSTAMONSUPM0,2015-04-25T21:13:00
United States,Money Supply M0,2010-09-30T00:00:00,1961226,Monthly,UNITEDSTAMONSUPM0,2015-04-25T21:13:00
United States,Money Supply M0,2010-10-31T00:00:00,1961720,Monthly,UNITEDSTAMONSUPM0,2015-04-25T21:13:00
United States,Money Supply M0,2010-11-30T00:00:00,1973139,Monthly,UNITEDSTAMONSUPM0,2015-04-25T21:13:00
United States,Money Supply M0,2010-12-31T00:00:00,2017000,Monthly,UNITEDSTAMONSUPM0,2015-04-25T21:13:00
United States,Money Supply M0,2011-01-31T00:00:00,2047917,Monthly,UNITEDSTAMONSUPM0,2015-04-25T21:13:00
United States,Money Supply M0,2011-02-28T00:00:00,2211605,Monthly,UNITEDSTAMONSUPM0,2015-04-25T21:13:00
United States,Money Supply M0,2011-03-31T00:00:00,2395330,Monthly,UNITEDSTAMONSUPM0,2015-04-25T21:13:00
United States,Money Supply M0,2011-04-30T00:00:00,2496574,Monthly,UNITEDSTAMONSUPM0,2015-04-25T21:13:00
United States,Money Supply M0,2011-05-31T00:00:00,2567185,Monthly,UNITEDSTAMONSUPM0,2015-04-25T21:13:00
United States,Money Supply M0,2011-06-30T00:00:00,2648548,Monthly,UNITEDSTAMONSUPM0,2015-04-25T21:13:00
United States,Money Supply M0,2011-07-31T00:00:00,2684801,Monthly,UNITEDSTAMONSUPM0,2015-04-25T21:13:00
United States,Money Supply M0,2011-08-31T00:00:00,2657678,Monthly,UNITEDSTAMONSUPM0,2015-04-25T21:13:00
United States,Money Supply M0,2011-09-30T00:00:00,2637680,Monthly,UNITEDSTAMONSUPM0,2015-04-25T21:13:00
United States,Money Supply M0,2011-10-31T00:00:00,2637757,Monthly,UNITEDSTAMONSUPM0,2015-04-25T21:13:00
United States,Money Supply M0,2011-11-30T00:00:00,2605420,Monthly,UNITEDSTAMONSUPM0,2015-04-25T21:13:00
United States,Money Supply M0,2011-12-31T00:00:00,2619586,Monthly,UNITEDSTAMONSUPM0,2015-04-25T21:13:00
United States,Money Supply M0,2012-01-31T00:00:00,2640764,Monthly,UNITEDSTAMONSUPM0,2015-04-25T21:13:00
United States,Money Supply M0,2012-02-29T00:00:00,2694422,Monthly,UNITEDSTAMONSUPM0,2015-04-25T21:13:00
United States,Money Supply M0,2012-03-31T00:00:00,2655219,Monthly,UNITEDSTAMONSUPM0,2015-04-25T21:13:00
United States,Money Supply M0,2012-04-30T00:00:00,2639850,Monthly,UNITEDSTAMONSUPM0,2015-04-25T21:13:00
United States,Money Supply M0,2012-05-31T00:00:00,2616477,Monthly,UNITEDSTAMONSUPM0,2015-04-25T21:13:00
United States,Money Supply M0,2012-06-30T00:00:00,2618755,Monthly,UNITEDSTAMONSUPM0,2015-04-25T21:13:00
United States,Money Supply M0,2012-07-31T00:00:00,2647752,Monthly,UNITEDSTAMONSUPM0,2015-04-25T21:13:00
United States,Money Supply M0,2012-08-31T00:00:00,2650750,Monthly,UNITEDSTAMONSUPM0,2015-04-25T21:13:00
United States,Money Supply M0,2012-09-30T00:00:00,2594909,Monthly,UNITEDSTAMONSUPM0,2015-04-25T21:13:00
United States,Money Supply M0,2012-10-31T00:00:00,2611775,Monthly,UNITEDSTAMONSUPM0,2015-04-25T21:13:00
United States,Money Supply M0,2012-11-30T00:00:00,2646809,Monthly,UNITEDSTAMONSUPM0,2015-04-25T21:13:00
United States,Money Supply M0,2012-12-31T00:00:00,2675945,Monthly,UNITEDSTAMONSUPM0,2015-04-25T21:13:00
United States,Money Supply M0,2013-01-31T00:00:00,2741743,Monthly,UNITEDSTAMONSUPM0,2015-04-25T21:13:00
United States,Money Supply M0,2013-02-28T00:00:00,2845251,Monthly,UNITEDSTAMONSUPM0,2015-04-25T21:13:00
United States,Money Supply M0,2013-03-31T00:00:00,2935036,Monthly,UNITEDSTAMONSUPM0,2015-04-25T21:13:00
United States,Money Supply M0,2013-04-30T00:00:00,3011737,Monthly,UNITEDSTAMONSUPM0,2015-04-25T21:13:00
United States,Money Supply M0,2013-05-31T00:00:00,3116932,Monthly,UNITEDSTAMONSUPM0,2014-02-05T14:17:00
United States,Money Supply M0,2013-06-30T00:00:00,3201472,Monthly,UNITEDSTAMONSUPM0,2015-04-25T21:13:00
United States,Money Supply M0,2013-07-31T00:00:00,3290898,Monthly,UNITEDSTAMONSUPM0,2014-02-05T14:17:00
United States,Money Supply M0,2013-08-31T00:00:00,3398930,Monthly,UNITEDSTAMONSUPM0,2014-02-05T14:17:00
United States,Money Supply M0,2013-09-30T00:00:00,3486920,Monthly,UNITEDSTAMONSUPM0,2015-04-25T21:13:00
United States,Money Supply M0,2013-10-31T00:00:00,3589515,Monthly,UNITEDSTAMONSUPM0,2015-04-25T21:13:00
United States,Money Supply M0,2013-11-30T00:00:00,3684563,Monthly,UNITEDSTAMONSUPM0,2015-04-25T21:13:00
United States,Money Supply M0,2013-12-31T00:00:00,3717450,Monthly,UNITEDSTAMONSUPM0,2015-04-25T21:13:00
United States,Money Supply M0,2014-01-31T00:00:00,3728483,Monthly,UNITEDSTAMONSUPM0,2015-04-25T21:13:00
United States,Money Supply M0,2014-02-28T00:00:00,3833354,Monthly,UNITEDSTAMONSUPM0,2015-04-25T21:13:00
United States,Money Supply M0,2014-03-31T00:00:00,3885877,Monthly,UNITEDSTAMONSUPM0,2015-04-25T21:13:00
United States,Money Supply M0,2014-04-30T00:00:00,3930681,Monthly,UNITEDSTAMONSUPM0,2015-04-25T21:13:00
United States,Money Supply M0,2014-05-31T00:00:00,3911525,Monthly,UNITEDSTAMONSUPM0,2015-04-25T21:13:00
United States,Money Supply M0,2014-06-30T00:00:00,3948691,Monthly,UNITEDSTAMONSUPM0,2015-04-25T21:13:00
United States,Money Supply M0,2014-07-31T00:00:00,3989084,Monthly,UNITEDSTAMONSUPM0,2019-01-24T12:00:00
United States,Money Supply M0,2014-08-31T00:00:00,4075039,Monthly,UNITEDSTAMONSUPM0,2019-01-24T12:00:00
United States,Money Supply M0,2014-09-30T00:00:00,4049189,Monthly,UNITEDSTAMONSUPM0,2019-01-24T12:00:00
United States,Money Supply M0,2014-10-31T00:00:00,4001451,Monthly,UNITEDSTAMONSUPM0,2019-01-24T12:00:00
United States,Money Supply M0,2014-11-30T00:00:00,3830424,Monthly,UNITEDSTAMONSUPM0,2019-01-24T12:00:00
United States,Money Supply M0,2014-12-31T00:00:00,3934455,Monthly,UNITEDSTAMONSUPM0,2019-01-24T12:00:00
United States,Money Supply M0,2015-01-31T00:00:00,4017103,Monthly,UNITEDSTAMONSUPM0,2019-01-24T12:00:00
United States,Money Supply M0,2015-02-28T00:00:00,3840464,Monthly,UNITEDSTAMONSUPM0,2019-01-24T12:00:00
United States,Money Supply M0,2015-03-31T00:00:00,4030632,Monthly,UNITEDSTAMONSUPM0,2019-01-24T12:00:00
United States,Money Supply M0,2015-04-30T00:00:00,4059374,Monthly,UNITEDSTAMONSUPM0,2019-01-24T12:00:00
United States,Money Supply M0,2015-05-31T00:00:00,3949372,Monthly,UNITEDSTAMONSUPM0,2019-01-24T12:00:00
United States,Money Supply M0,2015-06-30T00:00:00,3919649,Monthly,UNITEDSTAMONSUPM0,2019-01-24T12:00:00
United States,Money Supply M0,2015-07-31T00:00:00,3961217,Monthly,UNITEDSTAMONSUPM0,2019-01-24T12:00:00
United States,Money Supply M0,2015-08-31T00:00:00,3984019,Monthly,UNITEDSTAMONSUPM0,2019-01-24T12:00:00
United States,Money Supply M0,2015-09-30T00:00:00,4028486,Monthly,UNITEDSTAMONSUPM0,2019-01-24T12:00:00
United States,Money Supply M0,2015-10-31T00:00:00,4060469,Monthly,UNITEDSTAMONSUPM0,2019-01-24T12:00:00
United States,Money Supply M0,2015-11-30T00:00:00,4006725,Monthly,UNITEDSTAMONSUPM0,2019-01-24T12:00:00
United States,Money Supply M0,2015-12-31T00:00:00,3835810,Monthly,UNITEDSTAMONSUPM0,2019-01-24T12:00:00
United States,Money Supply M0,2016-01-31T00:00:00,3792723,Monthly,UNITEDSTAMONSUPM0,2019-01-24T12:00:00
United States,Money Supply M0,2016-02-29T00:00:00,3872483,Monthly,UNITEDSTAMONSUPM0,2019-01-24T12:00:00
United States,Money Supply M0,2016-03-31T00:00:00,3898431,Monthly,UNITEDSTAMONSUPM0,2019-01-24T12:00:00
United States,Money Supply M0,2016-04-30T00:00:00,3872940,Monthly,UNITEDSTAMONSUPM0,2016-05-14T10:28:00
United States,Money Supply M0,2016-05-31T00:00:00,3836529,Monthly,UNITEDSTAMONSUPM0,2019-01-24T12:00:00
United States,Money Supply M0,2016-06-30T00:00:00,3825451,Monthly,UNITEDSTAMONSUPM0,2019-01-24T12:00:00
United States,Money Supply M0,2016-07-31T00:00:00,3772544,Monthly,UNITEDSTAMONSUPM0,2019-01-24T12:00:00
United States,Money Supply M0,2016-08-31T00:00:00,3816726,Monthly,UNITEDSTAMONSUPM0,2019-01-24T12:00:00
United States,Money Supply M0,2016-09-30T00:00:00,3735888,Monthly,UNITEDSTAMONSUPM0,2019-01-24T12:00:00
United States,Money Supply M0,2016-10-31T00:00:00,3572132,Monthly,UNITEDSTAMONSUPM0,2019-01-24T12:00:00
United States,Money Supply M0,2016-11-30T00:00:00,3629770,Monthly,UNITEDSTAMONSUPM0,2019-01-24T12:00:00
United States,Money Supply M0,2016-12-31T00:00:00,3531565,Monthly,UNITEDSTAMONSUPM0,2019-01-24T12:00:00
United States,Money Supply M0,2017-01-31T00:00:00,3595455,Monthly,UNITEDSTAMONSUPM0,2017-02-04T10:16:00
United States,Money Supply M0,2017-02-28T00:00:00,3746408,Monthly,UNITEDSTAMONSUPM0,2019-01-24T12:00:00
United States,Money Supply M0,2017-03-31T00:00:00,3856287,Monthly,UNITEDSTAMONSUPM0,2019-01-24T12:00:00
United States,Money Supply M0,2017-04-30T00:00:00,3821697,Monthly,UNITEDSTAMONSUPM0,2019-01-24T12:00:00
United States,Money Supply M0,2017-05-31T00:00:00,3774412,Monthly,UNITEDSTAMONSUPM0,2019-01-24T12:00:00
United States,Money Supply M0,2017-06-30T00:00:00,3762780,Monthly,UNITEDSTAMONSUPM0,2019-01-24T12:00:00
United States,Money Supply M0,2017-07-31T00:00:00,3795430,Monthly,UNITEDSTAMONSUPM0,2019-01-24T12:00:00
United States,Money Supply M0,2017-08-31T00:00:00,3910022,Monthly,UNITEDSTAMONSUPM0,2019-01-24T12:00:00
United States,Money Supply M0,2017-09-30T00:00:00,3874490,Monthly,UNITEDSTAMONSUPM0,2019-01-24T12:00:00
United States,Money Supply M0,2017-10-31T00:00:00,3829910,Monthly,UNITEDSTAMONSUPM0,2019-01-24T12:00:00
United States,Money Supply M0,2017-11-30T00:00:00,3907735,Monthly,UNITEDSTAMONSUPM0,2019-01-24T12:00:00
United States,Money Supply M0,2017-12-31T00:00:00,3850969,Monthly,UNITEDSTAMONSUPM0,2019-01-24T12:00:00
United States,Money Supply M0,2018-01-31T00:00:00,3824795,Monthly,UNITEDSTAMONSUPM0,2019-01-24T12:00:00
United States,Money Supply M0,2018-02-28T00:00:00,3855056,Monthly,UNITEDSTAMONSUPM0,2019-01-24T12:00:00
United States,Money Supply M0,2018-03-31T00:00:00,3800608,Monthly,UNITEDSTAMONSUPM0,2019-01-24T12:00:00
United States,Money Supply M0,2018-04-30T00:00:00,3727119,Monthly,UNITEDSTAMONSUPM0,2019-01-24T12:00:00
United States,Money Supply M0,2018-05-31T00:00:00,3674755,Monthly,UNITEDSTAMONSUPM0,2019-01-24T12:00:00
United States,Money Supply M0,2018-06-30T00:00:00,3650485,Monthly,UNITEDSTAMONSUPM0,2019-01-24T12:00:00
United States,Money Supply M0,2018-07-31T00:00:00,3618272,Monthly,UNITEDSTAMONSUPM0,2019-01-24T12:00:00
United States,Money Supply M0,2018-08-31T00:00:00,3584450,Monthly,UNITEDSTAMONSUPM0,2019-11-04T16:03:00
United States,Money Supply M0,2018-09-30T00:00:00,3559828,Monthly,UNITEDSTAMONSUPM0,2019-11-04T16:03:00
United States,Money Supply M0,2018-10-31T00:00:00,3520863,Monthly,UNITEDSTAMONSUPM0,2019-11-04T16:03:00
United States,Money Supply M0,2018-11-30T00:00:00,3476330,Monthly,UNITEDSTAMONSUPM0,2019-11-04T16:02:00
United States,Money Supply M0,2018-12-31T00:00:00,3400747,Monthly,UNITEDSTAMONSUPM0,2019-11-04T16:02:00
United States,Money Supply M0,2019-01-31T00:00:00,3346879,Monthly,UNITEDSTAMONSUPM0,2019-11-04T16:02:00
United States,Money Supply M0,2019-02-28T00:00:00,3353467,Monthly,UNITEDSTAMONSUPM0,2019-11-04T16:02:00
United States,Money Supply M0,2019-03-31T00:00:00,3381455,Monthly,UNITEDSTAMONSUPM0,2019-11-04T16:02:00
United States,Money Supply M0,2019-04-30T00:00:00,3286650,Monthly,UNITEDSTAMONSUPM0,2019-11-04T16:02:00
United States,Money Supply M0,2019-05-31T00:00:00,3244460,Monthly,UNITEDSTAMONSUPM0,2019-11-04T16:02:00
United States,Money Supply M0,2019-06-30T00:00:00,3274825,Monthly,UNITEDSTAMONSUPM0,2019-11-04T16:02:00
United States,Money Supply M0,2019-07-31T00:00:00,3260316,Monthly,UNITEDSTAMONSUPM0,2019-11-04T16:02:00
United States,Money Supply M0,2019-08-31T00:00:00,3271378,Monthly,UNITEDSTAMONSUPM0,2019-11-04T16:02:00
United States,Money Supply M0,2019-09-30T00:00:00,3202682,Monthly,UNITEDSTAMONSUPM0,2019-11-20T12:22:00
United States,Money Supply M0,2019-10-31T00:00:00,3252830,Monthly,UNITEDSTAMONSUPM0,2019-11-09T10:07:00
United States,Money Supply M0,2019-11-30T00:00:00,3315603,Monthly,UNITEDSTAMONSUPM0,2019-12-07T10:08:00
United States,Money Supply M0,2019-12-31T00:00:00,3426515,Monthly,UNITEDSTAMONSUPM0,2020-01-04T10:08:00
United States,Money Supply M0,2020-01-31T00:00:00,3442621,Monthly,UNITEDSTAMONSUPM0,2020-02-15T10:07:00
United States,Money Supply M0,2020-02-29T00:00:00,3454507,Monthly,UNITEDSTAMONSUPM0,2020-03-14T10:11:00
United States,Money Supply M0,2020-03-31T00:00:00,3883155,Monthly,UNITEDSTAMONSUPM0,2020-04-11T10:09:00
United States,Money Supply M0,2020-04-30T00:00:00,4844940,Monthly,UNITEDSTAMONSUPM0,2020-05-09T10:08:00
United States,Money Supply M0,2020-05-31T00:00:00,5149527,Monthly,UNITEDSTAMONSUPM0,2020-06-06T10:09:00
United States,Money Supply M0,2020-06-30T00:00:00,5001978,Monthly,UNITEDSTAMONSUPM0,2020-07-04T10:12:00
United States,Money Supply M0,2020-07-31T00:00:00,4700401,Monthly,UNITEDSTAMONSUPM0,2020-08-15T10:12:00
United States,Money Supply M0,2020-08-31T00:00:00,4807410,Monthly,UNITEDSTAMONSUPM0,2020-09-12T10:10:00
United States,Money Supply M0,2020-09-30T00:00:00,4880400,Monthly,UNITEDSTAMONSUPM0,2020-10-17T10:11:00
United States,Money Supply M0,2020-10-31T00:00:00,4917100,Monthly,UNITEDSTAMONSUPM0,2020-11-14T10:08:00
United States,Money Supply M0,2020-11-30T00:00:00,5093100,Monthly,UNITEDSTAMONSUPM0,2020-12-12T10:07:00
United States,Money Supply M0,2020-12-31T00:00:00,5206600,Monthly,UNITEDSTAMONSUPM0,2021-01-16T10:11:00
United States,Money Supply M0,2021-01-31T00:00:00,5247900,Monthly,UNITEDSTAMONSUPM0,2021-02-13T10:07:00
